event_id,name(イベント名),year,date_raw(開催日),dance_start(踊り開始※最重要),dance_end,venue_name(会場),country(国),area(エリア),prefecture(県),ward(区),nearest_station(最寄駅),address(住所),organizer(主催),has_bon_odori,participation(参加可否),dance_songs(踊れる曲),summary(差別化要約),rain_policy(雨天),official_url(公式URL※正),source_links(参考リンク),discovered_via(発見元),status(状態),verified_at(確認日)
2026-001,ふるさと千川 ひろば,2026,6/5,18:30,21:00,ふるさと千川 ひろば,日本,関東,東京都,豊島区,有楽町線･副都心線｢千川｣,東京都豊島区要町3-54-16,要町三丁目町会･千川一丁目町会･千川二丁目町会･千川駅前商店会･ふるさと千川利用者協議会･オオゼキ･地元有志,TRUE,不明,,,,https://senkawa.jp/4307,https://senkawa.jp/4307 https://maps.app.goo.gl/a5G7XtDSpcioqta79,bondance(盆踊り大会情報),終了,2026-07-06
2026-002,鮫洲入江広場 ゆり園,2026,6/6,14:30,16:00,鮫洲入江広場 ゆり園,日本,関東,東京都,品川区,京急本線｢鮫洲｣･｢青物横丁｣,東京都品川区東大井1-13-1,,TRUE,不明,,,,https://shinagawa-kanko.or.jp/event/lily-samezu2026/,https://shinagawa-kanko.or.jp/event/lily-samezu2026/ https://maps.app.goo.gl/AFHRQmbjJ7Vbu9Eb7 https://www.hanakaido.org/,bondance(盆踊り大会情報),終了,2026-07-06
2026-003,JRA馬事公苑 はらっぱステージ メインプロムナード,2026,6/6,18:40,20:15,JRA馬事公苑 はらっぱステージ メインプロムナード,日本,関東,東京都,世田谷区,東急田園都市線｢鮫洲｣･小田急線｢経堂｣,東京都世田谷区上用賀2-1,せたがやふるさと区民まつり実行委員会,TRUE,不明,,,,https://setagaya.guide/events/setagaya-summer-festival/,https://setagaya.guide/events/setagaya-summer-festival/ https://maps.app.goo.gl/3MhzdkuVnrBG9b2U6 https://setagaya-matsuri.com/47th/event/stage_zanmai/,bondance(盆踊り大会情報),終了,2026-07-06
2026-004,品川区立宮前小学校及び宮前商店街周辺,2026,6/7,14:00,18:00,品川区立宮前小学校及び宮前商店街周辺,日本,関東,東京都,品川区,東急池上線｢戸越銀座｣･東急目黒線｢下神明｣,東京都品川区戸越4-5-10,･戸越銀座町会,TRUE,不明,,,小雨決行,https://togoshi2.jugem.jp/,https://x.com/harebon_odori/status/2053122296353841232 https://maps.app.goo.gl/FJT4w7SFKoKXkT4y6 https://togoshi2.jugem.jp/,bondance(盆踊り大会情報),終了,2026-07-06
2026-005,山王パークタワー公開空地,2026,6/13-15,18:30,21:00,山王パークタワー公開空地,日本,関東,東京都,千代田区,千代田線｢赤坂｣･南北線・銀座線｢溜池山王｣,東京都千代田区永田町2-11-1,山王日枝神社 公式（@sannouhiejinja）さん / Twitter,TRUE,不明,,,雨天中止,https://www.tenkamatsuri.jp/minyo/,https://www.tenkamatsuri.jp/minyo/ https://goo.gl/maps/bVATLG3MVHfn7fpH7 https://www.tenkamatsuri.jp/ https://twitter.com/sannouhiejinja/status/1666361742979633152,bondance(盆踊り大会情報),終了,2026-07-06
2026-006,目黒区立東根小学校,2026,6/20,17:15,20:00,目黒区立東根小学校,日本,関東,東京都,目黒区,田園都市線｢駒沢大学｣･東急東横線｢都立大学｣,東京都目黒区東が丘1-20-1,東根三友会,TRUE,不明,,,,https://higasine19.net/2026/05/30/6/,https://higasine19.net/2026/05/30/6/ https://maps.app.goo.gl/Fz5Hm6g4zNSywf5K7 https://higasine19.net/0,bondance(盆踊り大会情報),終了,2026-07-06
2026-007,五反野コミュニティ公園,2026,6/20,17:30,20:00,五反野コミュニティ公園,日本,関東,東京都,足立区,東武伊勢崎線｢五反野｣,東京都足立区西綾瀬2-1-18,西綾瀬町会,TRUE,不明,,,,https://nishiayase.jp/,https://x.com/Dk725aNpscBwpEa/status/2065082668396827008 https://maps.app.goo.gl/oSvnJ27hbqxq6tCt7 https://nishiayase.jp/,bondance(盆踊り大会情報),終了,2026-07-06
2026-008,鷲在山長國寺,2026,6/21,13:40,,鷲在山長國寺,日本,関東,東京都,台東区,日比谷線｢三ノ輪｣･｢入谷｣,東京都台東区千束3-19-6,,TRUE,不明,,,,https://otorisama.jp/,https://x.com/STBA_Bonodori/status/2061595349438091422 https://maps.app.goo.gl/HwaSXnh2VK56oiTe6 https://otorisama.jp/,bondance(盆踊り大会情報),終了,2026-07-06
2026-009,品川区立第二延山小学校 アリーナ,2026,6/21,17:30,20:00,品川区立第二延山小学校 アリーナ,日本,関東,東京都,品川区,東急大井町線･東急池上線｢旗の台｣,東京都品川区旗の台1-6-1,第4回･荏七昇龍太鼓盆踊り大会,TRUE,不明,,,土足禁(上履き持参),http://bondance.s1002.xrea.com/2026/img/20260621.jpg,http://bondance.s1002.xrea.com/2026/img/20260621.jpg https://maps.app.goo.gl/uh3LEmpofxYY3qMu6,bondance(盆踊り大会情報),終了,2026-07-06
2026-010,新宿住友ビル三角広場,2026,6/24-25,17:30,22:00,新宿住友ビル三角広場,日本,関東,東京都,新宿区,大江戸線｢都庁前｣･丸ノ内線｢西新宿｣･JR線･小田急線･京王線｢新宿｣,東京都新宿区西新宿2-6-1 新宿住友ビル,三角広場まつり 居酒屋盆踊り,TRUE,不明,,,,https://www.sumitomo-sankakuhiroba.jp/matsuri202606.pdf,https://www.sumitomo-sankakuhiroba.jp/matsuri202606.pdf https://maps.app.goo.gl/6TvHxLYVkixtnN8z5 https://www.sumitomo-sankakuhiroba.jp/,bondance(盆踊り大会情報),終了,2026-07-06
2026-011,郡上おどりin青山 秩父宮ラグビー場 駐車場,2026,6/26,17:00,20:30,郡上おどりin青山 秩父宮ラグビー場 駐車場,日本,関東,東京都,港区,銀座線｢外苑前｣,東京都港区北青山2-8-35,青山外苑前商店街【公式】,TRUE,不明,,,,https://aoyama-gaienmae.or.jp/news/20260326/,https://aoyama-gaienmae.or.jp/news/20260326/ https://goo.gl/maps/w19G1Q9T6PkDRcmf7 https://aoyama-gaienmae.or.jp/,bondance(盆踊り大会情報),終了,2026-07-06
2026-012,上野恩賜公園 竹の台広場(噴水広場),2026,6/26,18:20,18:50,上野恩賜公園 竹の台広場(噴水広場),日本,関東,東京都,台東区,JR山手線･京浜東北線･高崎線･宇都宮線･京成線｢上野｣,東京都台東区上野公園5-6,株式会社Y'sホールディングス TOKYO盆ダンス実行委員会,TRUE,不明,,,,https://www.tokyobondance.com/,https://www.tokyobondance.com/ https://maps.app.goo.gl/22LQTqn7m4Pn1LbJ8,bondance(盆踊り大会情報),終了,2026-07-06
2026-013,隅田公園山谷堀広場,2026,6/27,,,隅田公園山谷堀広場,日本,関東,東京都,台東区,東武伊勢崎線･銀座線･都営浅草線｢浅草｣,東京都台東区浅草7-1-22,,TRUE,不明,,,,https://oku-asakusa.com/,https://x.com/STBA_Bonodori/status/2052329517222605112/photo/1 https://maps.app.goo.gl/ocATFiuurorYrmTH8 https://oku-asakusa.com/ https://x.com/STBA_Bonodori,bondance(盆踊り大会情報),終了,2026-07-06
2026-014,浅草六区ブロードウェイ(ドン・キホーテ 浅草店前のやぐら),2026,6/27,18:00,18:30,浅草六区ブロードウェイ(ドン・キホーテ 浅草店前のやぐら),日本,関東,東京都,台東区,都営地下鉄浅草線･銀座線･つくばエクスプレス｢浅草｣,東京都台東区浅草2-6,浅草夜祭 × アキバ盆踊り,TRUE,不明,,,,https://www.instagram.com/p/DYI5By1Afdc/,https://www.instagram.com/p/DYI5By1Afdc/ https://maps.app.goo.gl/61D2tkqhnWiRS3u89 https://www.instagram.com/ukon_takafuji/,bondance(盆踊り大会情報),終了,2026-07-06
2026-015,あさがお祭り盆踊り(入谷南公園),2026,7/6-8,19:00,21:00,あさがお祭り盆踊り(入谷南公園),日本,関東,東京都,台東区,日比谷線｢入谷｣,東京都台東区松が谷3-23,,TRUE,不明,,,,https://www.asagao-maturi.com/229/,https://www.asagao-maturi.com/229/ https://goo.gl/maps/HKBvPKtsk6u https://x.com/STBA_Bonodori/status/1761600159501480254?s=20,bondance(盆踊り大会情報),予定,2026-07-06
2026-016,上池袋さくら公園,2026,7/10-11,19:00,21:00,上池袋さくら公園,日本,関東,東京都,豊島区,東武東上線｢北池袋｣･山手線｢池袋｣,東京都豊島区上池袋2-45-15,･上池袋三丁目町会,TRUE,不明,,,,https://www.kamiike.org/webboard/,https://www.kamiike.org/webboard/ https://goo.gl/maps/F9xF1moZjd4mfqdY6 https://www.kamiike.org/,bondance(盆踊り大会情報),予定,2026-07-06
2026-017,大正大学 鴨台(おうだい)盆踊り,2026,7/10,18:00,20:00,大正大学 鴨台(おうだい)盆踊り,日本,関東,東京都,豊島区,都営三田線西｢巣鴨｣･都電｢新庚申塚｣,東京都豊島区西巣鴨3-20-1,,TRUE,不明,,,,https://x.com/bonodori_tais/status/2063246614505144588,https://x.com/bonodori_tais/status/2063246614505144588 https://goo.gl/maps/D3saxE57ufiKScim8 https://twitter.com/bonodori_tais,bondance(盆踊り大会情報),予定,2026-07-06
2026-018,萩中神社,2026,7/10-11,18:30,20:30,萩中神社,日本,関東,東京都,大田区,京急空港線｢糀谷｣,東京都大田区萩中1-5,･オーベルグランディオ萩中自治会･新宿東町会,TRUE,不明,,,荒天順延又中止,https://otakushoren.com/event/151944,https://otakushoren.com/event/151944 https://goo.gl/maps/VHGR6zwM7yZSnLpm7 http://haginaka.com/haginakatyoukai-bonnodori.html,bondance(盆踊り大会情報),予定,2026-07-06
2026-019,稗田公園,2026,7/10-11,18:00,,稗田公園,日本,関東,東京都,足立区,千代田線｢北綾瀬｣･常磐緩行線｢亀有｣,東京都足立区東和5-9-9,東淵江自治会,TRUE,不明,,,,https://www.city.adachi.tokyo.jp/kuminjimu/chiikibunka/kuminsanka/higashiayase20-8.html,https://www.city.adachi.tokyo.jp/kuminjimu/chiikibunka/kuminsanka/higashiayase20-8.html https://goo.gl/maps/gTy3BfS1KSr,bondance(盆踊り大会情報),予定,2026-07-06
2026-020,東谷北野神社,2026,7/11,19:00,,東谷北野神社,日本,関東,東京都,大田区,都営浅草線｢馬込｣･｢西馬込｣･JR線｢大森｣,東京都大田区南馬込2-26-14,馬込北野青年会,TRUE,不明,,,,https://otakushoren.com/event/152394,https://otakushoren.com/event/152394 https://maps.app.goo.gl/baXHdiW7tArGxvNa7 https://www.instagram.com/p/DWGwl4dDzUr/,bondance(盆踊り大会情報),予定,2026-07-06
2026-021,大井競馬場第一駐車場,2026,7/11,,,大井競馬場第一駐車場,日本,関東,東京都,品川区,東京モノレール｢大井競馬場前｣･京浜急行｢立会川｣,東京都品川区勝島2-1,大井第一地域センター,TRUE,不明,,,雨天の場合は7月12日へ順延,https://www.city.shinagawa.tokyo.jp/PC/shisetsu/shisetsu-kuyakusyo/shisetsu-kuyakusyo-chiiki/hpg000017088.html,https://www.city.shinagawa.tokyo.jp/PC/shisetsu/shisetsu-kuyakusyo/shisetsu-kuyakusyo-chiiki/hpg000017088.html https://goo.gl/maps/LWE2GmZ2c7o4Sc4e9,bondance(盆踊り大会情報),予定,2026-07-06
2026-022,世田谷区立三軒茶屋小学校,2026,7/11,17:30,,世田谷区立三軒茶屋小学校,日本,関東,東京都,世田谷区,田園都市線･世田谷線｢三軒茶屋｣,東京都世田谷区三軒茶屋2-42-1,若林まちづくりセンター(青少年若林地区委員会),TRUE,不明,,,,https://www.city.setagaya.lg.jp/documents/2043/wakuwaku2026.pdf,https://www.city.setagaya.lg.jp/documents/2043/wakuwaku2026.pdf https://maps.app.goo.gl/yZ7poCYvgn7b6XULA,bondance(盆踊り大会情報),予定,2026-07-06
2026-023,晴海ふ頭公園,2026,7/11-12,18:30,20:30,晴海ふ頭公園,日本,関東,東京都,中央区,都営大江戸線｢勝どき｣,東京都中央区晴海5,東部地区公園グループ,TRUE,不明,,,,https://www.harumiflag.org/summerfestival,https://www.harumiflag.org/summerfestival https://maps.app.goo.gl/TbuCnY5FTtvaAHAM6 https://www.harumiflag.org/,bondance(盆踊り大会情報),予定,2026-07-06
2026-024,蛇窪神社(上神明天祖神社),2026,7/11,17:00,18:00,蛇窪神社(上神明天祖神社),日本,関東,東京都,品川区,都営浅草線｢中延｣･大井町線｢中延｣,東京都品川区二葉4-4-12,スネークタウンの夏祭り実行委員会,TRUE,不明,,,,https://hebikubo.jp/,https://www.instagram.com/p/DY_xGL5SLtj/ https://goo.gl/maps/NTquRs2ETcEhrA3aA https://hebikubo.jp/ https://x.com/hebikubojinja/,bondance(盆踊り大会情報),予定,2026-07-06
2026-025,亀有リリオパーク,2026,7/11-12,18:30,21:00,亀有リリオパーク,日本,関東,東京都,葛飾区,JR常磐線｢亀有｣,東京都葛飾区亀有3-25-1,亀有五丁目西町会･リリオ自治会合同,TRUE,不明,,,,https://www.city.katsushika.lg.jp/_res/projects/default_project/_page_/001/028/707/20260619.pdf,https://www.city.katsushika.lg.jp/_res/projects/default_project/_page_/001/028/707/20260619.pdf https://goo.gl/maps/B4n4oaVFktxg8mJY9,bondance(盆踊り大会情報),予定,2026-07-06
2026-026,中田出世稲荷(下赤塚駅前交番裏),2026,7/11-12,18:00,,中田出世稲荷(下赤塚駅前交番裏),日本,関東,東京都,板橋区,東武東上線｢下赤塚｣･有楽町線｢赤塚｣,東京都板橋区赤塚1-7-9,梶山町会,TRUE,不明,,,(雨天中止),https://kajiyamachokai.com/,https://kajiyamachokai.com/ https://goo.gl/maps/2icPjh7XNKCTSD3BA https://kajiyamachokai.com/,bondance(盆踊り大会情報),予定,2026-07-06
2026-027,佃島の盆踊（佃島盆踊）,2026,7/13-15,18:00,21:00,佃一丁目中央通り 佃1旧佃島渡船場前付近,日本,関東,東京都,中央区,有楽町線･大江戸線｢月島｣,東京都中央区佃1-3,歴史と伝統を守る佃島盆踊りの会,TRUE,不明,,音頭取りがひとり太鼓を叩き、口説きを唄う——派手さの対極にある約400年の念仏踊り。都指定無形民俗文化財として佃の路上に息づく、江戸の名残を最も色濃く残す静謐な3日間。,,https://tsukudabonodori.jimdosite.com/,https://tsukutsuki.com/tsukutsuki-wp/wp-content/uploads/2026/05/tsukutsuki_vol099-2.pdf http://goo.gl/maps/9i3O1 https://tsukudabonodori.jimdosite.com/,bondance(盆踊り大会情報) +公式裏取り済,予定,2026-07-07
2026-028,羽田神社境内,2026,7/13-15,19:00,21:00,羽田神社境内,日本,関東,東京都,大田区,京急線｢大鳥居｣,東京都大田区本羽田3−9−12,羽田神社,TRUE,不明,,,,https://otakushoren.com/event/152253,https://otakushoren.com/event/152253 https://goo.gl/maps/QreERkQy8Ax https://www.facebook.com/hanedajinja/,bondance(盆踊り大会情報),予定,2026-07-06
2026-029,太宗寺境内,2026,7/13-15,18:30,21:00,太宗寺境内,日本,関東,東京都,新宿区,丸の内線｢新宿御苑前｣･都営新宿線･大江戸線｢新宿3丁目｣,東京都新宿区新宿2-9-2,新宿二丁目町会,TRUE,不明,,,,http://bondance.s1002.xrea.com/2026/img/2026071315.jpg,http://bondance.s1002.xrea.com/2026/img/2026071315.jpg https://goo.gl/maps/7FZEJ6tzkEC2,bondance(盆踊り大会情報),予定,2026-07-06
2026-030,靖国神社 外苑大村益次郎銅像周囲,2026,7/13-16,18:30,20:30,靖国神社 外苑大村益次郎銅像周囲,日本,関東,東京都,千代田区,東西線･半蔵門線･都営新宿線｢九段下｣,東京都千代田区九段北3-1-1,03-3261-8326,TRUE,不明,,,,http://www.yasukuni.or.jp/,http://www.yasukuni.or.jp/ http://goo.gl/maps/lGKIl,bondance(盆踊り大会情報),予定,2026-07-06
2026-031,祐天寺境内,2026,7/16-18,17:30,21:00,祐天寺境内,日本,関東,東京都,目黒区,東急東横線｢祐天寺｣,東京都目黒区中目黒5-24-53,祐天寺商店会,TRUE,不明,,,16日･17日が雨天中止の場合は、19日に順延します。,http://www.yutenji.or.jp/info/gyouji/page-month-7/,http://www.yutenji.or.jp/info/gyouji/page-month-7/ http://goo.gl/maps/63pPG http://bonodori.tea-nifty.com/ https://twitter.com/yutenjibonodori https://www.meguroku.com/event/,bondance(盆踊り大会情報),予定,2026-07-06
2026-032,中央区立月島第一小学校,2026,7/17,19:00,20:30,中央区立月島第一小学校,日本,関東,東京都,中央区,有楽町線｢月島｣,東京都中央区月島4-15-1,,TRUE,不明,,,,https://www.tsuki1-pta.tokyo/post/,https://www.tsuki1-pta.tokyo/post/ https://maps.app.goo.gl/KZxXxcNLGMmCR7tK7,bondance(盆踊り大会情報),予定,2026-07-06
2026-033,旭児童遊園,2026,7/17-18,18:30,20:30,旭児童遊園,日本,関東,東京都,大田区,京急空港線｢大鳥居｣,東京都大田区東糀谷4-3-6,東糀谷四・五・六町会,TRUE,不明,,,雨天中止,https://higashi-kojiya456.com/calendar/,https://higashi-kojiya456.com/calendar/ https://maps.app.goo.gl/wye9J1eS4L6afqsZA https://higashi-kojiya456.com/,bondance(盆踊り大会情報),予定,2026-07-06
2026-034,祖師谷神明社,2026,7/17-18,19:00,21:00,祖師谷神明社,日本,関東,東京都,世田谷区,小田急小田原線｢祖師ケ谷大蔵｣,東京都世田谷区祖師谷5-1-16,祖師谷商店街振興組合(公式)（@SOSHIGAYASHOTEN）さん / X,TRUE,不明,,,,https://soshigaya.com/bon-dance-2026/,https://soshigaya.com/bon-dance-2026/ https://goo.gl/maps/pRdrvfmD6V22 https://soshigaya.com/ https://x.com/SOSHIGAYASHOTEN,bondance(盆踊り大会情報),予定,2026-07-06
2026-035,南六郷一丁目町会広場,2026,7/17-18,18:30,21:00,南六郷一丁目町会広場,日本,関東,東京都,大田区,京急本線｢雑色｣･京急空港線｢糀谷｣,東京都大田区南六郷1-13-3,南六郷一丁目町会,TRUE,不明,,,雨天中止で順延はしません,https://www.facebook.com/p/x100094394490478/,https://www.facebook.com/p/x100094394490478/ https://maps.app.goo.gl/JmxgqfhnvFzEPfkS6 https://www.facebook.com/p/x100094394490478/,bondance(盆踊り大会情報),予定,2026-07-06
2026-036,土支田八幡宮,2026,7/17-18,18:30,21:00,土支田八幡宮,日本,関東,東京都,練馬区,都営大江戸線｢光が丘｣,東京都練馬区土支田4-28-1,,TRUE,不明,,,,http://www.senbadaiko.com/schedule/index.html,http://www.senbadaiko.com/schedule/index.html https://maps.app.goo.gl/vaBzDB2Aq2XGqz6A8,bondance(盆踊り大会情報),予定,2026-07-06
2026-037,南田中稲荷天祖神社,2026,7/17-18,18:00,,南田中稲荷天祖神社,日本,関東,東京都,練馬区,西武池袋線｢石神井公園｣･｢練馬高野台｣,東京都練馬区南田中5-14,南田中町会,TRUE,不明,,,,http://www.senbadaiko.com/schedule/index.html,http://www.senbadaiko.com/schedule/index.html https://goo.gl/maps/WFzKmKvpKrRkAvnB7,bondance(盆踊り大会情報),予定,2026-07-06
2026-038,関原中央公園(防災広場),2026,7/17-18,18:30,,関原中央公園(防災広場),日本,関東,東京都,足立区,東武スカイツリーライン｢梅島｣,東京都足立区関原3-1-7,梅田正和町会,TRUE,不明,,,,https://www.city.adachi.tokyo.jp/chiiki/bonfes2026.html,https://www.city.adachi.tokyo.jp/chiiki/bonfes2026.html https://goo.gl/maps/TVhWoEsWzQz,bondance(盆踊り大会情報),予定,2026-07-06
2026-039,京橋公園,2026,7/17-18,18:30,21:00,京橋公園,日本,関東,東京都,中央区,有楽町線｢新富町｣･都営浅草線｢宝町｣,東京都中央区銀座1-25,新富町会,TRUE,不明,,,,https://x.com/STMchokai/status/2069970501838274998/photo/1,https://x.com/STMchokai/status/2069970501838274998/photo/1 https://goo.gl/maps/fhfVSWwYV9A2 https://x.com/STMchokai,bondance(盆踊り大会情報),予定,2026-07-06
2026-040,鳩森八幡神社,2026,7/17-18,16:00,21:00,鳩森八幡神社,日本,関東,東京都,渋谷区,総武線｢千駄ヶ谷｣･都営大江戸線｢国立競技場｣･東京メトロ副都心線｢北参道｣,東京都渋谷区千駄ケ谷1-1-24,,TRUE,不明,,,,https://www.sendagaya-bonodori.tokyo/,https://www.sendagaya-bonodori.tokyo/ https://goo.gl/maps/MDNu8iuQATU2 https://www.sendagaya-bonodori.tokyo/,bondance(盆踊り大会情報),予定,2026-07-06
2026-041,上落合西公園,2026,7/17-18,19:00,21:00,上落合西公園,日本,関東,東京都,新宿区,東西線｢落合｣･西武新宿線｢中井｣･JR総武線｢東中野｣,東京都新宿区上落合3-11,上落合西町会,TRUE,不明,,,予備日19日,https://ameblo.jp/soumu-buchou/entry-12969578083.html,https://ameblo.jp/soumu-buchou/entry-12969578083.html https://maps.app.goo.gl/TXbtAiBubs6WzH7J8 https://ochi2.jimdofree.com/,bondance(盆踊り大会情報),予定,2026-07-06
2026-042,木場二丁目公園,2026,7/17,18:00,21:00,木場二丁目公園,日本,関東,東京都,江東区,東西線｢木場｣･｢門前仲町｣,東京都江東区木場2-11-11,木場ニ丁目町会,TRUE,不明,,,荒天･雨天の場合中止,https://minamisuna1.com/37573/,https://www.instagram.com/p/DZm2_6mytN3/ https://maps.app.goo.gl/JpZXqBiVwJqUzAUD6 https://minamisuna1.com/37573/ https://koto.keizai.biz/column/15/,bondance(盆踊り大会情報),予定,2026-07-06
2026-043,巣鴨駅前南口ロータリー,2026,7/17-19,18:30,21:00,巣鴨駅前南口ロータリー,日本,関東,東京都,豊島区,JR｢巣鴨｣,東京都豊島区巣鴨1-16,巣一商店会,TRUE,不明,,,19日雨天の場合、翌日に順延,http://suichishoutenkai.com/event/bonodori_2026,http://suichishoutenkai.com/event/bonodori_2026 https://goo.gl/maps/JakshvyKD112 http://suichishoutenkai.com/,bondance(盆踊り大会情報),予定,2026-07-06
2026-044,大和町八幡神社,2026,7/18,15:00,20:30,大和町八幡神社,日本,関東,東京都,中野区,西武新宿線｢野方｣,東京都中野区大和町2-30-3,,TRUE,不明,,,雨天時は翌日,http://daibon.jp/,http://daibon.jp/ https://goo.gl/maps/kLtQX3X3P82UYcxP7 https://twitter.com/daibonjp,bondance(盆踊り大会情報),予定,2026-07-06
2026-045,伊興公園,2026,7/18,18:00,21:00,伊興公園,日本,関東,東京都,足立区,東武伊勢崎線｢竹ノ塚｣,東京都足立区東伊興3-23-4,伊興東町会,TRUE,不明,,,順延19日,https://www.city.adachi.tokyo.jp/kuminjimu/chiikibunka/kuminsanka/ikou.html,https://www.city.adachi.tokyo.jp/kuminjimu/chiikibunka/kuminsanka/ikou.html https://goo.gl/maps/eCwVoNUFSc6PeunB8 https://www.city.adachi.tokyo.jp/chiiki/bonfes2026.html,bondance(盆踊り大会情報),予定,2026-07-06
2026-046,佐竹商店街アーケード下,2026,7/18,15:00,19:00,佐竹商店街アーケード下,日本,関東,東京都,台東区,都営大江戸線｢新御徒町｣･日比谷線｢仲御徒町｣･JR山手線｢御徒町｣,東京都台東区台東3-28-4,新しい熱狂【佐竹ゲバゲバ盆踊り】,TRUE,不明,,,順延19日,https://satakeshotengai.com/satakeodori/,https://satakeshotengai.com/satakeodori/ https://maps.app.goo.gl/gS1JWzhreRKYqQjZ8 https://satakeshotengai.com/,bondance(盆踊り大会情報),予定,2026-07-06
2026-047,一ツ家中央公園(タコ公園),2026,7/18,18:00,21:00,一ツ家中央公園(タコ公園),日本,関東,東京都,足立区,つくばエクスプレス｢六町｣,東京都足立区一ツ家3-15,一ツ家三丁目町会,TRUE,不明,,,雨天延期7月19日(日曜日),https://www.city.adachi.tokyo.jp/chiiki/bonfes2026.html,https://www.city.adachi.tokyo.jp/chiiki/bonfes2026.html https://goo.gl/maps/D4Jv85aEZsz,bondance(盆踊り大会情報),予定,2026-07-06
2026-048,品川区立第三日野小学校,2026,7/18,17:00,18:00,品川区立第三日野小学校,日本,関東,東京都,品川区,都営浅草線｢高輪台｣,東京都品川区上大崎1-19-19,03-3491-2000,TRUE,不明,,,,https://www.city.shinagawa.tokyo.jp/PC/shisetsu/shisetsu-kuyakusyo/shisetsu-kuyakusyo-chiiki/hpg000017088.html,https://www.city.shinagawa.tokyo.jp/PC/shisetsu/shisetsu-kuyakusyo/shisetsu-kuyakusyo-chiiki/hpg000017088.html https://goo.gl/maps/DMqD57kmrCwQAzY39 https://x.com/osakidai1/,bondance(盆踊り大会情報),予定,2026-07-06
2026-049,新宿区立清水川橋公園,2026,7/18,17:30,21:00,新宿区立清水川橋公園,日本,関東,東京都,新宿区,山手線･東西線｢高田馬場｣,東京都新宿区下落合1-1,下落合町会知久会,TRUE,不明,,,,https://www.city.shinjuku.lg.jp/kusei/kashiwagi01_000001_00037.html,https://www.city.shinjuku.lg.jp/kusei/kashiwagi01_000001_00037.html https://maps.app.goo.gl/KT1D6HZg9DqWJcoT8,bondance(盆踊り大会情報),予定,2026-07-06
2026-050,世田谷区立八幡小学校,2026,7/18,17:00,19:20,世田谷区立八幡小学校,日本,関東,東京都,世田谷区,東急東横線･大井町線｢自由が丘｣･東急目黒線｢奥沢｣,東京都世田谷区玉川田園調布2-17-15,･八幡小学校PTA,TRUE,不明,,,雨天中止,https://www.city.setagaya.lg.jp/documents/26463/all.pdf,https://www.city.setagaya.lg.jp/documents/26463/all.pdf https://goo.gl/maps/z1hTDbm9TJk https://www.city.setagaya.lg.jp/documents/2043/summer2025.pdf,bondance(盆踊り大会情報),予定,2026-07-06
2026-051,柳橋中央通り･江戸通り柳橋2丁目交差点付近,2026,7/18,18:00,20:00,柳橋中央通り･江戸通り柳橋2丁目交差点付近,日本,関東,東京都,台東区,総武線･都営浅草線｢浅草橋｣,東京都台東区柳橋1-21,柳橋町会,TRUE,不明,,,,https://asakusabashi.tokyo/,https://asakusabashi.tokyo/ https://maps.app.goo.gl/UUKg3wvHUwwEpHNm8 http://yanagibashi.la.coocan.jp/,bondance(盆踊り大会情報),予定,2026-07-06
2026-052,練馬区立光和小学校,2026,7/18,17:30,,練馬区立光和小学校,日本,関東,東京都,練馬区,西武池袋線｢石神井公園｣,東京都練馬区石神井町2-6-34,青少年育成石神井地区光和小地域委員会,TRUE,不明,,,雨天19日(月),http://www.senbadaiko.com/schedule/index.html,http://www.senbadaiko.com/schedule/index.html https://goo.gl/maps/67aS3ixmr3HKF95q6,bondance(盆踊り大会情報),予定,2026-07-06
2026-053,練馬区立泉新小学校,2026,7/18,,,練馬区立泉新小学校,日本,関東,東京都,練馬区,西武池袋線｢石神井公園｣,東京都練馬区三原台3-18-30,,TRUE,不明,,,雨天19日(月),http://www.senbadaiko.com/schedule/index.html,http://www.senbadaiko.com/schedule/index.html https://maps.app.goo.gl/1GwUDQweYima8rSe8,bondance(盆踊り大会情報),予定,2026-07-06
2026-054,伊興公園,2026,7/18,18:00,,伊興公園,日本,関東,東京都,足立区,東武伊勢崎線｢竹ノ塚｣,東京都足立区東伊興3-23-4,伊興東町会,TRUE,不明,,,,https://www.city.adachi.tokyo.jp/chiiki/bonfes2026.html,https://www.city.adachi.tokyo.jp/chiiki/bonfes2026.html https://goo.gl/maps/eCwVoNUFSc6PeunB8,bondance(盆踊り大会情報),予定,2026-07-06
2026-055,尾竹橋公園,2026,7/18,18:00,,尾竹橋公園,日本,関東,東京都,足立区,千代田線｢町屋｣,東京都足立区千住桜木2-16-1,千住桜木二丁目町会･都営桜木町アパート二号棟自治会,TRUE,不明,,,,https://www.city.adachi.tokyo.jp/chiiki/bonfes2026.html,https://www.city.adachi.tokyo.jp/chiiki/bonfes2026.html https://maps.app.goo.gl/eNhVW1MMXCYcfgMX6,bondance(盆踊り大会情報),予定,2026-07-06
2026-056,四谷ひろばグランド(旧新宿区立四谷第四小学校),2026,7/18-19,18:00,21:00,四谷ひろばグランド(旧新宿区立四谷第四小学校),日本,関東,東京都,新宿区,丸ノ内線｢四谷三丁目｣･都営新宿線｢曙橋｣,東京都新宿区四谷4-20,,TRUE,不明,,,小雨決行(雨天順延),https://www4.hp-ez.com/hp/fes/page2,https://www4.hp-ez.com/hp/fes/page2 https://maps.app.goo.gl/9piVLKHpbbXGoFsu6 https://www.yotsuya-hiroba.jp/index.html,bondance(盆踊り大会情報),予定,2026-07-06
2026-057,新井薬師公園,2026,7/18-19,18:00,21:00,新井薬師公園,日本,関東,東京都,中野区,西武新宿線｢新井薬師｣,東京都中野区新井5-4,･薬師柳通親交会),TRUE,不明,,,,https://www.ai-road.com/bonodori/,https://www.ai-road.com/bonodori/ https://goo.gl/maps/QBGGRpVY4j4eWVv1A https://www.ai-road.com/ https://nakanokitaguchijujiro.tokyo/ http://www.heart-beat-nakano.com/,bondance(盆踊り大会情報),予定,2026-07-06
2026-058,松江二丁目児童公園(平和公園),2026,7/18-19,18:00,21:00,松江二丁目児童公園(平和公園),日本,関東,東京都,江戸川区,都営新宿線｢一之江｣･JR総武線｢新小岩｣,東京都江戸川区松江2-26-10,松江二丁目町会,TRUE,不明,,,,https://matsu2.sakura.ne.jp/99_blank020.html,https://matsu2.sakura.ne.jp/99_blank020.html https://maps.app.goo.gl/buDwsAyN5rNNQGFR7 http://matsu2.sakura.ne.jp/,bondance(盆踊り大会情報),予定,2026-07-06
2026-059,伊興ファミリー公園,2026,7/18-19,,,伊興ファミリー公園,日本,関東,東京都,足立区,日暮里舎人ライナー｢舎人公園｣･東武伊勢崎線｢竹ノ塚｣,東京都足立区伊興5-21-5,伊興西町会,TRUE,不明,,,順延なし,https://www.city.adachi.tokyo.jp/kuminjimu/chiikibunka/kuminsanka/ikou.html,https://www.city.adachi.tokyo.jp/kuminjimu/chiikibunka/kuminsanka/ikou.html https://goo.gl/maps/K5nAxZnHkmpbZbJ58 https://www.chokai.info/ikonishi/,bondance(盆踊り大会情報),予定,2026-07-06
2026-060,城山公園,2026,7/18-19,19:00,21:00,城山公園,日本,関東,東京都,中野区,,東京都中野区中野1-44,中野一丁目町会•城山祭典委員会,TRUE,不明,,,雨天中止    城山公園    JR中央線｢高円寺｣･｢中野｣,https://www.facebook.com/profile.php?id=100063550898293,https://maps.app.goo.gl/4xaG2FA46mL9dUH5A https://www.facebook.com/profile.php?id=100063550898293,bondance(盆踊り大会情報),予定,2026-07-06
2026-061,佐野第二公園,2026,7/18-19,18:30,,佐野第二公園,日本,関東,東京都,足立区,千代田線｢北綾瀬｣,東京都足立区佐野2-31-1,佐野二丁目北町会,TRUE,不明,,,,https://www.city.adachi.tokyo.jp/chiiki/bonfes2026.html,https://www.city.adachi.tokyo.jp/chiiki/bonfes2026.html https://maps.app.goo.gl/hFvyBbpq1GFMirpF9,bondance(盆踊り大会情報),予定,2026-07-06
2026-062,品川区立杜松ホーム,2026,7/18,19:00,,品川区立杜松ホーム,日本,関東,東京都,品川区,東急大井町線｢下神明｣,東京都品川区豊町4-24-15,荏原第五地域センター,TRUE,不明,,,,https://www.city.shinagawa.tokyo.jp/PC/shisetsu/shisetsu-kuyakusyo/shisetsu-kuyakusyo-chiiki/hpg000017088.html,https://www.city.shinagawa.tokyo.jp/PC/shisetsu/shisetsu-kuyakusyo/shisetsu-kuyakusyo-chiiki/hpg000017088.html https://goo.gl/maps/HM9c1Vq8qnB2 http://www.tosho-fukushi.com/,bondance(盆踊り大会情報),予定,2026-07-06
2026-063,深川ギャザリアセンター広場,2026,7/18-19,18:00,20:30,深川ギャザリアセンター広場,日本,関東,東京都,江東区,東西線｢木場｣,東京都江東区木場1-5,木場一･六町会,TRUE,不明,,,雨天中止,https://www.fujikura.co.jp/news/pressrelease/20260622mit.html,https://x.com/minamisuna1/status/2068895071995671034/photo/1 https://x.com/minamisuna1/status/2068895071995671034/photo/1 https://www.fujikura.co.jp/news/pressrelease/20260622mit.html https://minamisuna1.com/37573/,bondance(盆踊り大会情報),予定,2026-07-06
2026-064,大森北グリーンベルト,2026,7/18-19,18:00,20:30,大森北グリーンベルト,日本,関東,東京都,大田区,JR線｢大森｣,東京都大田区大森北1-33-11,入新井四丁目町会,TRUE,不明,,,雨天中止,https://otakushoren.com/event/140645,https://otakushoren.com/event/140645 https://goo.gl/maps/pY1hxjLMc7w https://www.chokai.info/iriarai4/,bondance(盆踊り大会情報),予定,2026-07-06
2026-065,三峰公園,2026,7/18-19,18:00,20:00,三峰公園,日本,関東,東京都,世田谷区,小田急小田原線｢祖師ヶ谷大蔵｣,東京都世田谷区砧4-6-14,砧町町会,TRUE,不明,,,,https://www.kinutamachi.jp/archive/2026/0621974/,https://www.kinutamachi.jp/archive/2026/0621974/ https://goo.gl/maps/NbzVuWgzqj5BrEgz5 https://www.kinutamachi.jp/,bondance(盆踊り大会情報),予定,2026-07-06
2026-066,廻沢稲荷神社,2026,7/18-19,,,廻沢稲荷神社,日本,関東,東京都,世田谷区,小田原線｢祖師ヶ谷大蔵｣･京王線｢千歳烏山｣｢芦花公園｣,東京都世田谷区千歳台5-17-23,,TRUE,不明,,,,https://www.city.setagaya.lg.jp/documents/2043/wakuwaku2026.pdf,https://www.city.setagaya.lg.jp/documents/2043/wakuwaku2026.pdf https://goo.gl/maps/5LVQKoKyXbK2,bondance(盆踊り大会情報),予定,2026-07-06
2026-067,希望ヶ丘団地内広場(テニスコート),2026,7/18-19,,,希望ヶ丘団地内広場(テニスコート),日本,関東,東京都,世田谷区,小田急線｢千歳船橋｣･京王線｢八幡山｣,東京都世田谷区船橋7-8-1,,TRUE,不明,,,,https://www.city.setagaya.lg.jp/documents/2043/wakuwaku2026.pdf,https://www.city.setagaya.lg.jp/documents/2043/wakuwaku2026.pdf https://goo.gl/maps/BJQ1JrGZLzG2,bondance(盆踊り大会情報),予定,2026-07-06
2026-068,御園神社,2026,7/18-19,19:00,21:00,御園神社,日本,関東,東京都,大田区,東急池上線｢蓮沼｣･JR京浜東北･根岸線｢蒲田｣,東京都大田区西蒲田7-40-8,,TRUE,不明,,,,https://otakushoren.com/event/140561,https://otakushoren.com/event/140561 https://maps.app.goo.gl/Y2GjtbrcuGdqQ1fcA,bondance(盆踊り大会情報),予定,2026-07-06
2026-069,西沼公園,2026,7/18-19,18:00,,西沼公園,日本,関東,東京都,足立区,千代田線｢綾瀬｣･JR常磐線｢亀有｣,東京都足立区東和1-15-15,東和一丁目自治会,TRUE,不明,,,,https://www.city.adachi.tokyo.jp/kuminjimu/chiikibunka/kuminsanka/higashiayase20-8.html,https://www.city.adachi.tokyo.jp/kuminjimu/chiikibunka/kuminsanka/higashiayase20-8.html https://maps.app.goo.gl/6uLAJzawbutEqBGm8 https://touichi.tokyo/,bondance(盆踊り大会情報),予定,2026-07-06
2026-070,都立東綾瀬公園,2026,7/18-19,18:00,,都立東綾瀬公園,日本,関東,東京都,足立区,千代田線｢北綾瀬｣,東京都足立区東綾瀬5-3,綾瀬五･六丁目自治会,TRUE,不明,,,,https://www.city.adachi.tokyo.jp/kuminjimu/chiikibunka/kuminsanka/higashiayase20-8.html,https://www.city.adachi.tokyo.jp/kuminjimu/chiikibunka/kuminsanka/higashiayase20-8.html https://maps.app.goo.gl/UhP1h3ifZrVH8jGv9,bondance(盆踊り大会情報),予定,2026-07-06
2026-071,東椿公園,2026,7/18-19,17:00,,東椿公園,日本,関東,東京都,足立区,日暮里舎人ライナー｢西新井大師西｣･｢谷在家｣,東京都足立区椿2-21,椿町会,TRUE,不明,,,,https://www.city.adachi.tokyo.jp/chiiki/bonfes2026.html,https://www.city.adachi.tokyo.jp/chiiki/bonfes2026.html https://maps.app.goo.gl/ihV3nktEMSyWY5MY9,bondance(盆踊り大会情報),予定,2026-07-06
2026-072,皿沼公園,2026,7/18-19,18:00,,皿沼公園,日本,関東,東京都,足立区,日暮里舎人ライナー｢谷在家｣,東京都足立区皿沼2-25-1,皿沼町会,TRUE,不明,,,,https://www.city.adachi.tokyo.jp/chiiki/bonfes2026.html,https://www.city.adachi.tokyo.jp/chiiki/bonfes2026.html https://maps.app.goo.gl/XZzxJzR8GMy8cKMC6,bondance(盆踊り大会情報),予定,2026-07-06
2026-073,薭田神社,2026,7/18-19,19:00,20:00,薭田神社,日本,関東,東京都,大田区,京急線｢京急蒲田｣･JR｢蒲田｣,東京都大田区蒲田3-2-10,蒲田氏子青年会,TRUE,不明,,,,https://otakushoren.com/event/164219,https://otakushoren.com/event/164219 https://maps.app.goo.gl/ysYaeFcFz7ypybK38 https://www.instagram.com/p/DZ4Yv4yCEJz/,bondance(盆踊り大会情報),予定,2026-07-06
2026-074,若宮八幡神社前,2026,7/18-19,18:30,21:00,若宮八幡神社前,日本,関東,東京都,葛飾区,京成押上線｢四ツ木｣･｢八広｣,東京都葛飾区四つ木3-10,四つ木三丁目若宮町会,TRUE,不明,,,,https://www.city.katsushika.lg.jp/_res/projects/default_project/_page_/001/028/707/20260619.pdf,https://www.city.katsushika.lg.jp/_res/projects/default_project/_page_/001/028/707/20260619.pdf https://goo.gl/maps/9rvaDmWTdawJ8wY98 https://katsushika.uwasa-no.com/2025/07/02/bomdaice2025-1/,bondance(盆踊り大会情報),予定,2026-07-06
2026-075,船路橋児童遊園前広場(五十嵐冷蔵前),2026,7/18-19,18:00,21:00,船路橋児童遊園前広場(五十嵐冷蔵前),日本,関東,東京都,港区,都営浅草線｢三田｣･山手線｢田町｣,東京都港区芝浦2-11-15,芝浦二丁目商店会,TRUE,不明,,,,https://www.city.minato.tokyo.jp/documents/179419/20260630141053.pdf,https://www.city.minato.tokyo.jp/documents/179419/20260630141053.pdf http://goo.gl/maps/ZJBO5 http://www.shibaura2.org/,bondance(盆踊り大会情報),予定,2026-07-06
2026-076,池袋本町公園,2026,7/18-19,18:30,21:30,池袋本町公園,日本,関東,東京都,豊島区,東武東上線｢北池袋｣,東京都豊島区池袋本町1-27-1,池袋本町公園,TRUE,不明,,,,https://www.city.toshima.lg.jp/documents/56995/20260701_all.pdf,https://www.city.toshima.lg.jp/documents/56995/20260701_all.pdf https://maps.app.goo.gl/LdrqgzJHQuQjYDxz9,bondance(盆踊り大会情報),予定,2026-07-06
2026-077,千早四丁目公園,2026,7/18-19,17:00,21:00,千早四丁目公園,日本,関東,東京都,豊島区,有楽町線｢千川｣,東京都豊島区千早4-31-13,千早四丁目町会,TRUE,不明,,,,https://www.city.toshima.lg.jp/documents/56995/20260701_all.pdf,https://www.city.toshima.lg.jp/documents/56995/20260701_all.pdf https://maps.app.goo.gl/apXcVixnsnzMvWh5A,bondance(盆踊り大会情報),予定,2026-07-06
2026-078,豊島区立西巣鴨小学校,2026,7/18-19,18:30,21:00,豊島区立西巣鴨小学校,日本,関東,東京都,豊島区,都電荒川線｢庚申塚｣･｢巣鴨新田｣,東京都豊島区西巣鴨1-27-1,西巣鴨新田町会,TRUE,不明,,,,https://www.city.toshima.lg.jp/documents/56995/20260701_all.pdf,https://www.city.toshima.lg.jp/documents/56995/20260701_all.pdf https://maps.app.goo.gl/8psQjBJc2XCxgnYa8,bondance(盆踊り大会情報),予定,2026-07-06
2026-079,江東区立深川第二中学校,2026,7/18-19,18:00,20:45,江東区立深川第二中学校,日本,関東,東京都,江東区,都営大江戸線｢門前仲町｣,東京都江東区冬木22-10,冬木町会,TRUE,不明,,,,https://koto.keizai.biz/column/15/,https://koto.keizai.biz/column/15/ https://maps.app.goo.gl/d5GG91LYQjj6hyex6 https://fuyuki.tokyo/archives/768,bondance(盆踊り大会情報),予定,2026-07-06
2026-080,江東区立臨海小学校･公園,2026,7/18-19,18:00,20:00,江東区立臨海小学校･公園,日本,関東,東京都,江東区,東西線｢門前仲町｣,東京都江東区門前仲町1-1-6,臨海ぼんおどり実行委員会,TRUE,不明,,,,https://f-kurashi.tokyo/rinkaibonodori/,https://f-kurashi.tokyo/rinkaibonodori/ https://goo.gl/maps/sjMixZ5wtwbAGExc7 https://minamisuna1.com/37573/,bondance(盆踊り大会情報),予定,2026-07-06
2026-081,森下公園,2026,7/18-19,18:30,21:00,森下公園,日本,関東,東京都,江東区,都営新宿線･都営大江戸線｢森下｣,東京都江東区森下2-5-16,森下ニ丁目町会,TRUE,不明,,,,https://minamisuna1.com/37573/,https://x.com/morishitaiine/status/2073201121431290313 https://maps.app.goo.gl/rqFB64iNG9CJteXr5 https://minamisuna1.com/37573/,bondance(盆踊り大会情報),予定,2026-07-06
2026-082,篠塚稲荷神社,2026,7/18,18:00,21:00,篠塚稲荷神社,日本,関東,東京都,板橋区,東武東上線｢下赤塚｣,東京都板橋区赤塚6-15-24,,TRUE,不明,,,何れも小雨決行・雨天中止,https://shinogayato.com/,https://shinogayato.com/ https://maps.app.goo.gl/YRyQ17JTBLZYhyHk8 https://shinogayato.com/,bondance(盆踊り大会情報),予定,2026-07-06
2026-083,みらい館大明,2026,7/18,17:30,20:30,みらい館大明,日本,関東,東京都,豊島区,有楽町線｢要町｣･山手線｢池袋｣,東京都豊島区池袋3-30-8,,TRUE,不明,,,雨天決行,https://www.city.toshima.lg.jp/documents/56995/20260701_all.pdf,https://www.city.toshima.lg.jp/documents/56995/20260701_all.pdf https://goo.gl/maps/WqHgPyk1g33UasSb9 http://www.toshima.ne.jp/taimei/,bondance(盆踊り大会情報),予定,2026-07-06
2026-084,品川学園,2026,7/19,17:00,19:00,品川学園,日本,関東,東京都,品川区,京急線｢新馬場｣,東京都品川区北品川3-9-30,品川第一地区委員会（@471_Chikuiinkai）さん / X,TRUE,不明,,,,https://www.city.shinagawa.tokyo.jp/PC/shisetsu/shisetsu-kuyakusyo/shisetsu-kuyakusyo-chiiki/hpg000017088.html,https://www.city.shinagawa.tokyo.jp/PC/shisetsu/shisetsu-kuyakusyo/shisetsu-kuyakusyo-chiiki/hpg000017088.html https://goo.gl/maps/7j3ZwYRuq9Th1g2J6 https://x.com/471_Chikuiinkai/status/2068914697559314863,bondance(盆踊り大会情報),予定,2026-07-06
2026-085,新宿区立下落合公園,2026,7/19,18:00,21:00,新宿区立下落合公園,日本,関東,東京都,新宿区,山手線｢目白｣･西武池袋線｢椎名町｣,東京都新宿区下落合4-18,下落合四丁目町会,TRUE,不明,,,,https://www.city.shinjuku.lg.jp/kusei/kashiwagi01_000001_00037.html,https://www.city.shinjuku.lg.jp/kusei/kashiwagi01_000001_00037.html https://maps.app.goo.gl/KUW1vegmGXUZjX119 https://simapapa.wixsite.com/simoyon,bondance(盆踊り大会情報),予定,2026-07-06
2026-086,大蔵氷川神社,2026,7/19,19:00,21:00,大蔵氷川神社,日本,関東,東京都,世田谷区,小田急小田原線｢成城学園前｣ 東急バス(玉07)｢永安寺前｣,東京都世田谷区大蔵6-6-7,大蔵本村睦会,TRUE,不明,,,,https://www.city.setagaya.lg.jp/documents/2043/wakuwaku2026.pdf,https://www.city.setagaya.lg.jp/documents/2043/wakuwaku2026.pdf https://goo.gl/maps/nEZsyxeknDD2,bondance(盆踊り大会情報),予定,2026-07-06
2026-087,椿ひがし公園,2026,7/19,17:00,21:00,椿ひがし公園,日本,関東,東京都,江戸川区,都営新宿線｢瑞江｣,東京都江戸川区瑞江3-22-1,椿東町会,TRUE,不明,,,,https://www.city.edogawa.tokyo.jp/e036/kurashi/chiikicommunity/johokyoku/tobu/event/toubutikubonnodori.html,https://www.city.edogawa.tokyo.jp/e036/kurashi/chiikicommunity/johokyoku/tobu/event/toubutikubonnodori.html https://maps.app.goo.gl/Ng21tXqLpyDHfgHa8,bondance(盆踊り大会情報),予定,2026-07-06
2026-088,山王神社,2026,7/19,17:00,20:00,山王神社,日本,関東,東京都,江戸川区,都営新宿線｢瑞江｣･｢一之江｣,東京都江戸川区江戸川3-5-4,下鎌田町会(西友会),TRUE,不明,,,,https://www.city.edogawa.tokyo.jp/e036/kurashi/chiikicommunity/johokyoku/tobu/event/toubutikubonnodori.html,https://www.city.edogawa.tokyo.jp/e036/kurashi/chiikicommunity/johokyoku/tobu/event/toubutikubonnodori.html https://goo.gl/maps/qoLffoLhpHjuLDDM9,bondance(盆踊り大会情報),予定,2026-07-06
2026-089,尾久橋スカイハイツ敷地内,2026,7/19,18:00,,尾久橋スカイハイツ敷地内,日本,関東,東京都,足立区,日暮里舎人ライナー｢足立小台｣,東京都足立区小台1-22-2,尾久橋スカイハイツ自治会,TRUE,不明,,,,https://www.city.adachi.tokyo.jp/chiiki/bonfes2026.html,https://www.city.adachi.tokyo.jp/chiiki/bonfes2026.html https://goo.gl/maps/TLFiVmF2XeDy1qVY8,bondance(盆踊り大会情報),予定,2026-07-06
2026-090,りそな銀行 神楽坂支店前,2026,7/19-20,18:00,20:00,りそな銀行 神楽坂支店前,日本,関東,東京都,新宿区,東西線｢神楽坂｣･大江戸線｢牛込神楽坂｣,東京都新宿区神楽坂6-22,神楽坂商店街振興組合,TRUE,不明,,,,https://www.kagurazaka-6.com/,https://www.kagurazaka-6.com/ https://goo.gl/maps/j8r5jn1Mhb82 https://www.kagurazaka-6.com/,bondance(盆踊り大会情報),予定,2026-07-06
2026-091,友愛十字会中庭,2026,7/23,18:00,20:00,友愛十字会中庭,日本,関東,東京都,世田谷区,小田急小田原線｢成城学園前｣,東京都世田谷区砧3-9-11,友愛十字会,TRUE,不明,,,,https://www.city.setagaya.lg.jp/documents/2043/wakuwaku2026.pdf,https://www.city.setagaya.lg.jp/documents/2043/wakuwaku2026.pdf https://goo.gl/maps/E3bZnGUmz9D2,bondance(盆踊り大会情報),予定,2026-07-06
2026-092,新橋こいち祭,2026,7/23-24,18:00,21:00,新橋こいち祭,日本,関東,東京都,港区,JR線･都営線･営団線｢新橋｣,東京都港区新橋3-16-15,,TRUE,不明,,,,http://www.shinbashi.net/top/koichi/2026/,http://www.shinbashi.net/top/koichi/2026/ http://goo.gl/maps/XFWy3,bondance(盆踊り大会情報),予定,2026-07-06
2026-093,大盆踊り(柳通り),2026,7/23-24,18:30,,大盆踊り(柳通り),日本,関東,東京都,港区,JR線･都営線･営団線｢新橋｣,東京都港区新橋2-2 柳通り,03-5537-6115,TRUE,不明,,,,https://www.city.minato.tokyo.jp/documents/179419/20260630141053.pdf,https://www.city.minato.tokyo.jp/documents/179419/20260630141053.pdf https://goo.gl/maps/fGneGSrqKt62,bondance(盆踊り大会情報),予定,2026-07-06
2026-094,浄土寺,2026,7/23-24,18:30,21:00,浄土寺,日本,関東,東京都,港区,千代田線｢赤坂｣･銀座線｢赤坂見附｣,東京都港区赤坂4-3-5,,TRUE,不明,,,,https://shin5-yama.wixsite.com/akasakashin5choukai,https://shin5-yama.wixsite.com/akasakashin5choukai https://goo.gl/maps/CRuVX https://shin5-yama.wixsite.com/akasakashin5choukai https://x.com/nsPFhl5JW382058,bondance(盆踊り大会情報),予定,2026-07-06
2026-095,浦守稲荷神社,2026,7/23-24,19:00,21:00,浦守稲荷神社,日本,関東,東京都,大田区,京急本線｢梅屋敷｣,東京都大田区大森南3-27-8,大森南自治会,TRUE,不明,,,,https://otakushoren.com/event/152793,https://otakushoren.com/event/152793 https://goo.gl/maps/svPEJRt9RtL2 https://www.city.ota.tokyo.jp/omori/ts_omorihigashi/,bondance(盆踊り大会情報),予定,2026-07-06
2026-096,京王線芦花公園駅前ロータリー,2026,7/24,17:00,20:30,京王線芦花公園駅前ロータリー,日本,関東,東京都,世田谷区,京王線｢芦花公園｣,東京都世田谷区南烏山2-38-16,芦花公園商店街振興組合,TRUE,不明,,,,https://www.city.setagaya.lg.jp/documents/33864/all.pdf,https://www.city.setagaya.lg.jp/documents/33864/all.pdf https://goo.gl/maps/j6fP8WAwhGR2 https://www.rokakoen.tokyo/2026-06-13-001/,bondance(盆踊り大会情報),予定,2026-07-06
2026-097,鬼子母神,2026,7/24-25,19:00,21:00,鬼子母神,日本,関東,東京都,豊島区,都電荒川線･副都心線｢鬼子母神前｣･山手線｢目白｣,東京都豊島区雑司ヶ谷3-15-20,,TRUE,不明,,,,https://www.homyoji.or.jp/kishimojin/event/,https://www.homyoji.or.jp/kishimojin/event/ https://goo.gl/maps/Gvfj6eZH4i1r9Rj98,bondance(盆踊り大会情報),予定,2026-07-06
2026-098,文泉公園,2026,7/24-25,17:00,21:30,文泉公園,日本,関東,東京都,江東区,JR総武線｢亀戸｣･｢錦糸町｣･東武亀戸線｢亀戸水神｣,東京都江東区亀戸2-4-13,亀戸二丁目町会,TRUE,不明,,,,https://minamisuna1.com/37573/,https://minamisuna1.com/37573/ https://maps.app.goo.gl/GHPLc4pa4EApz1LV8 https://koto-kameido.com/,bondance(盆踊り大会情報),予定,2026-07-06
2026-099,池尻稲荷神社,2026,7/24-25,18:00,21:00,池尻稲荷神社,日本,関東,東京都,世田谷区,田園都市線｢池尻大橋｣,東京都世田谷区池尻2-34-15,,TRUE,不明,,,雨天の際は、翌日に延期,https://www.city.setagaya.lg.jp/documents/2043/wakuwaku2026.pdf,https://www.city.setagaya.lg.jp/documents/2043/wakuwaku2026.pdf https://goo.gl/maps/1FzpDuFTzi22,bondance(盆踊り大会情報),予定,2026-07-06
2026-100,二子玉川西地区ふれあい広場(二子玉川商店街入り口近く、国道高架下),2026,7/24-25,19:00,21:00,二子玉川西地区ふれあい広場(二子玉川商店街入り口近く、国道高架下),日本,関東,東京都,世田谷区,田園都市線・東急大井町線｢二子玉川｣,東京都世田谷区玉川3-24-16,世田谷区 玉川町会ホームページ,TRUE,不明,,,,https://setagayatamagawa.com/,https://setagayatamagawa.com/ https://goo.gl/maps/sjSarKuX1htmmF3A7 https://setagayatamagawa.com/,bondance(盆踊り大会情報),予定,2026-07-06
2026-101,砧八丁目児童遊園,2026,7/24-25,18:00,20:30,砧八丁目児童遊園,日本,関東,東京都,世田谷区,小田急小田原線｢祖師ケ谷大蔵｣,東京都世田谷区砧8-2-21,法人格 砧町自治会,TRUE,不明,,,雨天中止,https://www.city.setagaya.lg.jp/documents/891/168gou_5.pdf,https://www.city.setagaya.lg.jp/documents/891/168gou_5.pdf https://maps.app.goo.gl/rGtLkUuoztr2Hfpc6 https://kinuta.info/archives/14642,bondance(盆踊り大会情報),予定,2026-07-06
2026-102,瑞江公園,2026,7/24,18:00,21:00,瑞江公園,日本,関東,東京都,江戸川区,都営新宿線｢瑞江｣,東京都江戸川区西瑞江3-12-1,瑞江町会,TRUE,不明,,,,https://www.city.edogawa.tokyo.jp/e036/kurashi/chiikicommunity/johokyoku/tobu/event/toubutikubonnodori.html,https://www.city.edogawa.tokyo.jp/e036/kurashi/chiikicommunity/johokyoku/tobu/event/toubutikubonnodori.html https://maps.app.goo.gl/USCZotxF5q19cfK8A,bondance(盆踊り大会情報),予定,2026-07-06
2026-103,宮元公園,2026,7/24-25,18:30,,宮元公園,日本,関東,東京都,足立区,千代田線｢綾瀬｣,東京都足立区東和3-8-5,蒲原自治会,TRUE,不明,,,,https://www.city.adachi.tokyo.jp/kuminjimu/chiikibunka/kuminsanka/higashiayase20-8.html,https://www.city.adachi.tokyo.jp/kuminjimu/chiikibunka/kuminsanka/higashiayase20-8.html https://goo.gl/maps/EMUYaum1YCv,bondance(盆踊り大会情報),予定,2026-07-06
2026-104,北野公園,2026,7/24-25,19:00,,北野公園,日本,関東,東京都,足立区,千代田線｢綾瀬｣･JR常磐線｢綾瀬｣,東京都足立区綾瀬2-15,普賢寺自治会,TRUE,不明,,,,https://www.city.adachi.tokyo.jp/kuminjimu/chiikibunka/kuminsanka/higashiayase20-8.html,https://www.city.adachi.tokyo.jp/kuminjimu/chiikibunka/kuminsanka/higashiayase20-8.html https://maps.app.goo.gl/LFv1TJp7qMvbEcSX6,bondance(盆踊り大会情報),予定,2026-07-06
2026-105,糀屋氷川神社,2026,7/24-25,17:00,,糀屋氷川神社,日本,関東,東京都,足立区,南北線｢王子神谷｣,東京都足立区鹿浜2-18-20,鹿浜糀屋町会,TRUE,不明,,,,https://www.city.adachi.tokyo.jp/chiiki/bonfes2026.html,https://www.city.adachi.tokyo.jp/chiiki/bonfes2026.html https://maps.app.goo.gl/C9oUkvGMcWPatmpx7,bondance(盆踊り大会情報),予定,2026-07-06
2026-106,上落合職員防災住宅,2026,7/24-25,18:30,21:00,上落合職員防災住宅,日本,関東,東京都,新宿区,東西線｢落合｣･西武新宿線｢中井｣,東京都新宿区上落合2-26-4,上落合中央町会,TRUE,不明,,,,https://ochi2.jimdofree.com/,https://ochi2.jimdofree.com/ https://maps.app.goo.gl/X8dyoKGFVQvB2xuY9 https://www.facebook.com/shinjukuku.kamiochiai.chuochokai/,bondance(盆踊り大会情報),予定,2026-07-06
2026-107,高島平五丁目第二公園,2026,7/24-25,18:00,21:00,高島平五丁目第二公園,日本,関東,東京都,板橋区,都営三田線｢西高島平｣,東京都板橋区高島平5-24-1,高島町会,TRUE,不明,,,,https://sites.google.com/view/takashima-choukai/home,https://sites.google.com/view/takashima-choukai/home https://maps.app.goo.gl/gKCMKvyKGP9ddXqr5 https://www.takashimacho-kai.com/home,bondance(盆踊り大会情報),予定,2026-07-06
2026-108,東京パークサイドビル前広場,2026,7/25,17:30,21:00,東京パークサイドビル前広場,日本,関東,東京都,江東区,東西線｢木場｣,東京都江東区木場5-8-40,木場五丁目町会,TRUE,不明,,,,https://www.kcf.or.jp/cms/files/pdf/original/51310.pdf,https://www.kcf.or.jp/cms/files/pdf/original/51310.pdf https://maps.app.goo.gl/t9zpGhceFcRmiVJJA https://minamisuna1.com/37573/,bondance(盆踊り大会情報),予定,2026-07-06
2026-109,緑が丘児童公園,2026,7/25,17:30,20:00,緑が丘児童公園,日本,関東,東京都,目黒区,東急大井町線｢緑が丘｣･東急東横線｢自由が丘｣,東京都目黒区緑が丘1-13,緑が丘自治会,TRUE,不明,,,雨天中止,https://www.midorigaoka.online/news,https://www.midorigaoka.online/news https://maps.app.goo.gl/nAN8hgKUVcYmrKim8 https://www.midorigaoka.online/,bondance(盆踊り大会情報),予定,2026-07-06
2026-110,足立区立東伊興小学校,2026,7/25,18:00,21:00,足立区立東伊興小学校,日本,関東,東京都,足立区,日暮里舎人ライナー｢舎人｣･東武伊勢崎線｢竹ノ塚｣,東京都足立区東伊興1-4-15,伊興北町会,TRUE,不明,,,順延26日,https://www.city.adachi.tokyo.jp/kuminjimu/chiikibunka/kuminsanka/ikou.html,https://www.city.adachi.tokyo.jp/kuminjimu/chiikibunka/kuminsanka/ikou.html https://maps.app.goo.gl/j33UUXokBaD31ML89 https://www.chokai.info/ikokita/,bondance(盆踊り大会情報),予定,2026-07-06
2026-111,深沢公園,2026,7/25,17:00,20:30,深沢公園,日本,関東,東京都,世田谷区,東急大井町線｢尾山台｣,東京都世田谷区深沢3-13,,TRUE,不明,,,,https://www.city.setagaya.lg.jp/documents/2043/wakuwaku2026.pdf,https://www.city.setagaya.lg.jp/documents/2043/wakuwaku2026.pdf https://goo.gl/maps/VNGCdSSzYWJ2,bondance(盆踊り大会情報),予定,2026-07-06
2026-112,横根稲荷神社,2026,7/25,18:30,21:00,横根稲荷神社,日本,関東,東京都,世田谷区,小田急小田原線｢祖師谷大蔵｣,東京都世田谷区大蔵1-6,大蔵東部町会,TRUE,不明,,,,https://www.city.setagaya.lg.jp/documents/891/168gou_5.pdf,https://www.city.setagaya.lg.jp/documents/891/168gou_5.pdf https://goo.gl/maps/eW8tKoLKvbq,bondance(盆踊り大会情報),予定,2026-07-06
2026-113,妙法寺,2026,7/25,18:00,20:00,妙法寺,日本,関東,東京都,世田谷区,小田急小田原線｢成城学園前｣,東京都世田谷区大蔵5-12-3,大蔵東部町会,TRUE,不明,,,,https://www.city.setagaya.lg.jp/documents/891/168gou_5.pdf,https://www.city.setagaya.lg.jp/documents/891/168gou_5.pdf https://maps.app.goo.gl/SAsyhiobzhvPcrUf7,bondance(盆踊り大会情報),予定,2026-07-06
2026-114,江戸川区立下鎌田小学校,2026,7/25,17:00,20:00,江戸川区立下鎌田小学校,日本,関東,東京都,江戸川区,都営新宿線｢瑞江｣,東京都江戸川区東瑞江3-11-1,下鎌田町会(内手昭和会･青年部),TRUE,不明,,,,https://www.city.edogawa.tokyo.jp/e036/kurashi/chiikicommunity/johokyoku/tobu/event/toubutikubonnodori.html,https://www.city.edogawa.tokyo.jp/e036/kurashi/chiikicommunity/johokyoku/tobu/event/toubutikubonnodori.html https://goo.gl/maps/vc7Dbts1aVDPaejv6,bondance(盆踊り大会情報),予定,2026-07-06
2026-115,南篠崎公園,2026,7/25,17:00,21:00,南篠崎公園,日本,関東,東京都,江戸川区,都営新宿線｢瑞江｣,東京都江戸川区南篠崎町5-11-2,南篠崎スカイハイツ自治会,TRUE,不明,,,,https://www.city.edogawa.tokyo.jp/e036/kurashi/chiikicommunity/johokyoku/tobu/event/toubutikubonnodori.html,https://www.city.edogawa.tokyo.jp/e036/kurashi/chiikicommunity/johokyoku/tobu/event/toubutikubonnodori.html https://maps.app.goo.gl/oUUiMZ516729zizi9,bondance(盆踊り大会情報),予定,2026-07-06
2026-116,都立東綾瀬公園 パークタウン東綾瀬3号棟東側,2026,7/25,18:00,,都立東綾瀬公園 パークタウン東綾瀬3号棟東側,日本,関東,東京都,足立区,千代田線｢北綾瀬｣,東京都足立区東綾瀬2-6,パークタウン東綾瀬自治会,TRUE,不明,,,,https://www.city.adachi.tokyo.jp/kuminjimu/chiikibunka/kuminsanka/higashiayase20-8.html,https://www.city.adachi.tokyo.jp/kuminjimu/chiikibunka/kuminsanka/higashiayase20-8.html https://goo.gl/maps/mCfZPNhLyRm,bondance(盆踊り大会情報),予定,2026-07-06
2026-117,扇一丁目親栄児童遊園,2026,7/25,17:00,,扇一丁目親栄児童遊園,日本,関東,東京都,足立区,日暮里舎人ライナー｢扇大橋｣･｢足立小台｣,東京都足立区扇1-36,扇一丁目親栄町会,TRUE,不明,,,,https://www.city.adachi.tokyo.jp/chiiki/bonfes2026.html,https://www.city.adachi.tokyo.jp/chiiki/bonfes2026.html https://maps.app.goo.gl/YUSXX6fN5ZpAxJ4m6,bondance(盆踊り大会情報),予定,2026-07-06
2026-118,足立区立東伊興小学校,2026,7/25,18:00,,足立区立東伊興小学校,日本,関東,東京都,足立区,東武伊勢崎線｢竹ノ塚｣･日暮里舎人ライナー｢舎人｣,東京都足立区東伊興1-4-15,伊興北町会,TRUE,不明,,,,https://www.city.adachi.tokyo.jp/chiiki/bonfes2026.html,https://www.city.adachi.tokyo.jp/chiiki/bonfes2026.html https://maps.app.goo.gl/hsg63vA5odUJBB7K7,bondance(盆踊り大会情報),予定,2026-07-06
2026-119,宝町八幡神社,2026,7/25,18:30,21:00,宝町八幡神社,日本,関東,東京都,葛飾区,京成本線｢お花茶屋｣･｢堀切菖蒲園｣,東京都葛飾区宝町2-9-3,宝町町会,TRUE,不明,,,,https://www.city.katsushika.lg.jp/_res/projects/default_project/_page_/001/028/707/20260619.pdf,https://www.city.katsushika.lg.jp/_res/projects/default_project/_page_/001/028/707/20260619.pdf https://maps.app.goo.gl/ib2P4Usgs9Rpef8B9 https://katsushika.uwasa-no.com/2025/07/02/bomdaice2025-1/,bondance(盆踊り大会情報),予定,2026-07-06
2026-120,芝浦三丁目なぎさ通り,2026,7/25,,,芝浦三丁目なぎさ通り,日本,関東,東京都,港区,JR線｢田町｣･都営線｢三田｣,東京都港区芝浦3-12,芝浦三・四丁目町会,TRUE,不明,,,,https://www.city.minato.tokyo.jp/documents/179419/20260630141053.pdf,https://www.city.minato.tokyo.jp/documents/179419/20260630141053.pdf http://goo.gl/maps/BStsI http://www.shibaura-shoutenkai.com/ http://www.shibaura3-4.com/,bondance(盆踊り大会情報),予定,2026-07-06
2026-121,品川区立第四日野小学校,2026,7/26,,,品川区立第四日野小学校,日本,関東,東京都,品川区,東急目黒線｢不動前｣,東京都品川区西五反田4-29-9,03-3491-2000,TRUE,不明,,,,https://www.city.shinagawa.tokyo.jp/ct/pdf/20260626135746_1.pdf,https://www.city.shinagawa.tokyo.jp/ct/pdf/20260626135746_1.pdf https://maps.app.goo.gl/WCFW6x3H14UqdmgT9 https://x.com/osakidai1,bondance(盆踊り大会情報),予定,2026-07-06
2026-122,喜多見駅前南側/北側広場,2026,7/25-26,21:00,,喜多見駅前南側/北側広場,日本,関東,東京都,世田谷区,小田急線｢喜多見｣,東京都世田谷区喜多見9-2,喜多見商店街振興組合,TRUE,不明,,,,https://kitaminavi.com/topic/1545,https://kitaminavi.com/topic/1545 https://goo.gl/maps/eucDFKvhWb12 http://kitaminavi.com/,bondance(盆踊り大会情報),予定,2026-07-06
2026-123,入谷中央公園,2026,7/25-26,18:00,,入谷中央公園,日本,関東,東京都,足立区,日暮里舎人ライナー｢舎人｣,東京都足立区入谷4-16,入谷町会,TRUE,不明,,,,https://www.city.adachi.tokyo.jp/kuminjimu/chiikibunka/kuminsanka/toneri2707.html,https://www.city.adachi.tokyo.jp/kuminjimu/chiikibunka/kuminsanka/toneri2707.html https://goo.gl/maps/1PrMiUPot1sUEKf6A https://www.city.adachi.tokyo.jp/chiiki/bonfes2026.html,bondance(盆踊り大会情報),予定,2026-07-06
2026-124,第六天公園,2026,7/25-26,18:30,,第六天公園,日本,関東,東京都,足立区,千代田線｢北綾瀬｣,東京都足立区東和4-3-18,東和二丁目自治会･東和二丁目西自治会 合同で実施,TRUE,不明,,,,https://www.city.adachi.tokyo.jp/kuminjimu/chiikibunka/kuminsanka/chokai-nakagawa.html,https://www.city.adachi.tokyo.jp/kuminjimu/chiikibunka/kuminsanka/chokai-nakagawa.html https://goo.gl/maps/K7K7NY99bQmYdWd77 https://www.city.adachi.tokyo.jp/chiiki/bonfes2026.html,bondance(盆踊り大会情報),予定,2026-07-06
2026-125,諏訪木第三公園,2026,7/25-26,18:00,21:00,諏訪木第三公園,日本,関東,東京都,足立区,日暮里舎人ライナー｢谷在家｣,東京都足立区西新井4-26-1,西新井四丁目自治会,TRUE,不明,,,順延なし,https://www.city.adachi.tokyo.jp/kuminjimu/chiikibunka/kuminsanka/ikou.html,https://www.city.adachi.tokyo.jp/kuminjimu/chiikibunka/kuminsanka/ikou.html https://maps.app.goo.gl/72pqTtTsA9FZ6mvW6 https://www.city.adachi.tokyo.jp/chiiki/bonfes2026.html,bondance(盆踊り大会情報),予定,2026-07-06
2026-126,傳通院,2026,7/25-26,18:00,20:00,傳通院,日本,関東,東京都,文京区,丸ノ内線･南北線｢後楽園｣･三田線｢春日｣,東京都文京区小石川3-14−6,傳通院･傳通院文化村,TRUE,不明,,,,https://www.denzuin.or.jp/,https://www.denzuin.or.jp/ https://maps.app.goo.gl/Wb3LojZLW5CQ7PdVA,bondance(盆踊り大会情報),予定,2026-07-06
2026-127,旧子供広場,2026,7/25-26,17:30,20:30,旧子供広場,日本,関東,東京都,江東区,東西線｢木場｣･｢東陽町｣,東京都江東区東陽1-19-6,東陽一丁目町会,TRUE,不明,,,,https://minamisuna1.com/37573/,https://minamisuna1.com/37573/ https://maps.app.goo.gl/uDN4YnsAdfzmRLcWA https://minamisuna1.com/37573/ https://toyo1tyokai.1net.jp/,bondance(盆踊り大会情報),予定,2026-07-06
2026-128,天妙国寺境内,2026,7/25-26,18:00,21:00,天妙国寺境内,日本,関東,東京都,品川区,京急線｢青物横丁｣･JR線｢大井町｣,東京都品川区南品川2-8-23,品川第二地区,TRUE,不明,,,,https://www.city.shinagawa.tokyo.jp/PC/shisetsu/shisetsu-kuyakusyo/shisetsu-kuyakusyo-chiiki/hpg000017088.html,https://www.city.shinagawa.tokyo.jp/PC/shisetsu/shisetsu-kuyakusyo/shisetsu-kuyakusyo-chiiki/hpg000017088.html https://goo.gl/maps/mjLLQ8XnDq92 https://twitter.com/shinagawakanko/status/1684038267422019584,bondance(盆踊り大会情報),予定,2026-07-06
2026-129,玉川中町公園,2026,7/25-26,18:00,21:00,玉川中町公園,日本,関東,東京都,世田谷区,大井町線｢上野毛｣,東京都世田谷区中町5-19,中町四･五丁目町会と中町商店会,TRUE,不明,,,,https://www.city.setagaya.lg.jp/documents/2043/wakuwaku2026.pdf,https://www.city.setagaya.lg.jp/documents/2043/wakuwaku2026.pdf https://goo.gl/maps/7wX195X6Fq32,bondance(盆踊り大会情報),予定,2026-07-06
2026-130,世田谷区立奥沢小学校,2026,7/25-26,18:30,20:30,世田谷区立奥沢小学校,日本,関東,東京都,世田谷区,東急目黒線｢奥沢｣,東京都世田谷区奥沢3-1-1,,TRUE,不明,,,,https://www.city.setagaya.lg.jp/documents/2043/wakuwaku2026.pdf,https://www.city.setagaya.lg.jp/documents/2043/wakuwaku2026.pdf https://goo.gl/maps/4tmpqtefizH2 http://www.okusawakouwakai.com/,bondance(盆踊り大会情報),予定,2026-07-06
2026-131,野毛六所神社,2026,7/25-26,18:00,21:00,野毛六所神社,日本,関東,東京都,世田谷区,東急目黒線｢奥沢｣,東京都世田谷区野毛2-14-2,,TRUE,不明,,,,https://www.city.setagaya.lg.jp/documents/2043/wakuwaku2026.pdf,https://www.city.setagaya.lg.jp/documents/2043/wakuwaku2026.pdf https://goo.gl/maps/Z1sLaGGH4QA2 https://www.facebook.com/ROKUSHOKAI/,bondance(盆踊り大会情報),予定,2026-07-06
2026-132,江戸川中央公園,2026,7/25-26,18:00,20:30,江戸川中央公園,日本,関東,東京都,江戸川区,都営新宿線｢瑞江｣,東京都江戸川区江戸川1-9-32,江戸川一丁目町会･江戸川共栄商店街,TRUE,不明,,,,https://www.city.edogawa.tokyo.jp/e036/kurashi/chiikicommunity/johokyoku/tobu/event/toubutikubonnodori.html,https://www.city.edogawa.tokyo.jp/e036/kurashi/chiikicommunity/johokyoku/tobu/event/toubutikubonnodori.html https://goo.gl/maps/4vUypnnibetP5ncC9,bondance(盆踊り大会情報),予定,2026-07-06
2026-133,三原台公園,2026,7/25-26,18:00,,三原台公園,日本,関東,東京都,練馬区,西武池袋線｢石神井公園｣･｢大泉学園｣,東京都練馬区三原台3-7-38,三原台町会,TRUE,不明,,,,http://www.senbadaiko.com/schedule/index.html,http://www.senbadaiko.com/schedule/index.html https://goo.gl/maps/QmZPKVJ4tzNKphYk7 https://www2.choukai.com/miharadai/,bondance(盆踊り大会情報),予定,2026-07-06
2026-134,伊藤谷公園 コミュニティ道路沿い,2026,7/25-26,19:00,,伊藤谷公園 コミュニティ道路沿い,日本,関東,東京都,足立区,千代田線｢綾瀬｣,東京都足立区綾瀬1-16-5,綾瀬自治会,TRUE,不明,,,,https://www.city.adachi.tokyo.jp/kuminjimu/chiikibunka/kuminsanka/higashiayase20-8.html,https://www.city.adachi.tokyo.jp/kuminjimu/chiikibunka/kuminsanka/higashiayase20-8.html https://goo.gl/maps/mYWU6XYZCfQ2,bondance(盆踊り大会情報),予定,2026-07-06
2026-135,足立区立西新井小学校,2026,7/25-26,17:30,,足立区立西新井小学校,日本,関東,東京都,足立区,東武伊勢崎線｢大師前｣,東京都足立区西新井本町4-9-27,興野北町会,TRUE,不明,,,,https://www.city.adachi.tokyo.jp/chiiki/bonfes2026.html,https://www.city.adachi.tokyo.jp/chiiki/bonfes2026.html https://goo.gl/maps/o8kEcn9ka5yY4nXp7,bondance(盆踊り大会情報),予定,2026-07-06
2026-136,田中稲荷神社,2026,7/25-26,18:00,,田中稲荷神社,日本,関東,東京都,足立区,日暮里舎人ライナー｢扇大橋｣,東京都足立区本木北町14-3,本木北町みのり町会,TRUE,不明,,,,https://www.city.adachi.tokyo.jp/chiiki/bonfes2026.html,https://www.city.adachi.tokyo.jp/chiiki/bonfes2026.html https://maps.app.goo.gl/sgrppPEN63bUgUSm6,bondance(盆踊り大会情報),予定,2026-07-06
2026-137,葛飾区立小松南小学校,2026,7/25-26,18:00,20:30,葛飾区立小松南小学校,日本,関東,東京都,葛飾区,JR総武線｢新小岩｣,東京都葛飾区新小岩2-25-1,,TRUE,不明,,,,https://newscast.jp/news/5841842,https://newscast.jp/news/5841842 https://maps.app.goo.gl/pb1SfrAvJMHhNWFe8 https://e-shinkoiwa.com/event/event-99,bondance(盆踊り大会情報),予定,2026-07-06
2026-138,篠原公園,2026,7/25-26,18:00,21:00,篠原公園,日本,関東,東京都,葛飾区,京成押上線｢四ツ木｣･京成本線｢お花茶屋｣,東京都葛飾区四つ木4-13,篠原町会,TRUE,不明,,,,https://www.city.katsushika.lg.jp/_res/projects/default_project/_page_/001/028/707/20260619.pdf,https://www.city.katsushika.lg.jp/_res/projects/default_project/_page_/001/028/707/20260619.pdf https://goo.gl/maps/gNEbcsTnmdfADaEGA https://katsushika.uwasa-no.com/2025/07/02/bomdaice2025-1/,bondance(盆踊り大会情報),予定,2026-07-06
2026-139,長五さくら公園,2026,7/25-26,19:00,21:00,長五さくら公園,日本,関東,東京都,豊島区,西武池袋線｢東長崎｣,東京都豊島区長崎5-28-5,長崎五丁目町会,TRUE,不明,,,,https://www.city.toshima.lg.jp/documents/56995/20260701_all.pdf,https://www.city.toshima.lg.jp/documents/56995/20260701_all.pdf https://maps.app.goo.gl/3wNS3RXHkUgv9RFZ9,bondance(盆踊り大会情報),予定,2026-07-06
2026-140,下北沢東口駅前広場,2026,7/25-26,16:00,20:00,下北沢東口駅前広場,日本,関東,東京都,世田谷区,小田急線･京王井の頭線｢下北沢｣,東京都世田谷区北沢2,･下北沢南口商店街振興組合,TRUE,不明,,,,https://shimokitazawa-east.com/archives/8501,https://shimokitazawa-east.com/archives/8501 https://maps.app.goo.gl/zageGKYBxpoH8VGd8 https://shimokitazawa-east.com/,bondance(盆踊り大会情報),予定,2026-07-06
2026-141,三好三丁目児童遊園,2026,7/25-26,,,三好三丁目児童遊園,日本,関東,東京都,江東区,半蔵門線･都営大江戸線｢清澄白河｣,東京都江東区三好3-1-9,三好三丁目町会,TRUE,不明,,,,https://minamisuna1.com/37573/,https://www.instagram.com/p/DY_jZPhE92a https://maps.app.goo.gl/zWDHnBf3uJw8q7fm6 https://minamisuna1.com/37573/ https://www.instagram.com/miyoshi_3chome/,bondance(盆踊り大会情報),予定,2026-07-06
2026-142,浄心寺,2026,7/25-26,19:00,21:00,浄心寺,日本,関東,東京都,江東区,半蔵門線･大江戸線｢清澄白河｣,東京都江東区平野2-4-25,平野二丁目町会,TRUE,不明,,,,https://minamisuna1.com/37573/,https://x.com/kiyosumiiine/status/2069291317973381140 https://maps.app.goo.gl/CZUqZhhAf1Gy1e3PA https://minamisuna1.com/37573/,bondance(盆踊り大会情報),予定,2026-07-06
2026-143,今泉延命寺,2026,7/25-26,19:00,21:00,今泉延命寺,日本,関東,東京都,大田区,東急多摩川線｢矢口渡｣,東京都大田区矢口2-26-17,今泉自治会,TRUE,不明,,,,https://www.city.ota.tokyo.jp/kamata/ts_yaguchi/oshirase_event/summercalendar.html,https://www.city.ota.tokyo.jp/kamata/ts_yaguchi/oshirase_event/summercalendar.html https://maps.app.goo.gl/PKs5ShUYxMYArocK9,bondance(盆踊り大会情報),予定,2026-07-06
2026-144,下丸子六所神社,2026,7/25-26,18:30,21:00,下丸子六所神社,日本,関東,東京都,大田区,東急多摩川線｢下丸子｣,東京都大田区下丸子4-16-5,下丸子四丁目町会,TRUE,不明,,,小雨決行,https://otakushoren.com/event/164334,https://otakushoren.com/event/164334 https://maps.app.goo.gl/HqMRJZ1kzx4wPZ3eA https://www.city.ota.tokyo.jp/kamata/ts_yaguchi/oshirase_event/summercalendar.html,bondance(盆踊り大会情報),予定,2026-07-06
2026-145,幡ヶ谷新道公園前,2026,7/26-27,17:00,20:15,幡ヶ谷新道公園前,日本,関東,東京都,渋谷区,京王線｢幡ヶ谷｣,東京都渋谷区幡ケ谷3-56-10,,TRUE,不明,,,雨天変更あり,https://files.city.shibuya.tokyo.jp/assets/12995aba8b194961be709ba879857f70/9fa6ef6159f44da4983cc61d87d128ac/260701_web_mix.pdf,https://files.city.shibuya.tokyo.jp/assets/12995aba8b194961be709ba879857f70/9fa6ef6159f44da4983cc61d87d128ac/260701_web_mix.pdf https://maps.app.goo.gl/QpST7CbSYExtq5Rs6 https://www.sasahata.com/events/20240616,bondance(盆踊り大会情報),予定,2026-07-06
2026-146,新小川公園,2026,7/26,18:00,20:00,新小川公園,日本,関東,東京都,新宿区,東西線･有楽町線･JR総武中央線｢飯田橋｣,東京都新宿区新小川町3,新小川町自治会,TRUE,不明,,,,https://www.city.shinjuku.lg.jp/kusei/kashiwagi01_000001_00037.html,https://www.city.shinjuku.lg.jp/kusei/kashiwagi01_000001_00037.html https://maps.app.goo.gl/PQM7KEZACxYsk4j89 https://snogw.jp/list1.html,bondance(盆踊り大会情報),予定,2026-07-06
2026-147,白金児童遊園(猿町公園),2026,7/26,19:00,21:00,白金児童遊園(猿町公園),日本,関東,東京都,港区,都営浅草線｢高輪台｣,東京都港区白金台2-24,高輪台商店会,TRUE,不明,,,,https://www.city.minato.tokyo.jp/documents/179419/20260630141053.pdf,https://www.city.minato.tokyo.jp/documents/179419/20260630141053.pdf https://goo.gl/maps/nfNCvYhSroA2 http://www.takanawadai.net/index.php,bondance(盆踊り大会情報),予定,2026-07-06
2026-148,青山善光寺境内,2026,7/26-27,18:30,21:00,青山善光寺境内,日本,関東,東京都,港区,メトロ線｢表参道｣,東京都港区北青山3-5-17,青山表参道商店会,TRUE,不明,,,,https://www.city.minato.tokyo.jp/documents/179419/20260630141053.pdf,https://www.city.minato.tokyo.jp/documents/179419/20260630141053.pdf http://goo.gl/maps/KyP1L http://www.aoyama-omotesandou.com/event/,bondance(盆踊り大会情報),予定,2026-07-06
2026-149,第44回すみだ錦糸町河内音頭大盆踊り,2026,7/29-30,17:30,21:00,江東橋堅川親水公園(首都高速7号線高架下),日本,関東,東京都,墨田区,総武線｢錦糸町｣南口･半蔵門線｢錦糸町｣,東京都墨田区江東橋1-5,錦糸町商店街振興組合（運営協力：江東橋連合町会、錦糸町を元気にする会）,TRUE,参加可,河内音頭,東京にいながら本場さながらの河内音頭で踊り倒せる第44回の名物盆踊り。高速高架下に音頭取りの生歌が響き、事前練習会と公式の踊り方動画で初参加でも輪に入れる親切設計。,雨天決行,https://www.kinshicho-kawachiondo.jp/,https://www.kinshicho-kawachiondo.jp/archives/1058 https://goo.gl/maps/gJV8s7ghZ2232MHu7 https://www.kinshicho-kawachiondo.jp/ https://x.com/kinshichokawac1/status/2043641739328868617,bondance(盆踊り大会情報) +公式裏取り済,確定,2026-07-07
2026-150,第79回築地本願寺納涼盆踊り大会,2026,7/29-31-8/1,19:00,21:00,築地本願寺,日本,関東,東京都,中央区,日比谷線｢築地｣,東京都中央区築地3-15-12,築地本願寺奉讃会（後援：築地本願寺）,TRUE,不明,,「日本一の食と盆踊り」を掲げる第79回の名物大会。大江戸助六太鼓が毎夜生で打ち鳴らす盆太鼓と、築地の名店が境内に集う絶品グルメ。寺院の大屋根の下で踊る4日間はスケール別格。,,https://tsukijihongwanji.jp/news/11529/,https://tsukijihongwanji.jp/news/11529/ https://goo.gl/maps/YQA2MiKjstnfV12NA,bondance(盆踊り大会情報) +公式裏取り済,確定,2026-07-07
2026-151,大田区立道塚小学校,2026,7/30-31,18:00,20:00,大田区立道塚小学校,日本,関東,東京都,大田区,東急多摩川線｢矢口渡｣･東急池上線｢蓮沼｣,東京都大田区新蒲田3-3-18,道塚自治会,TRUE,不明,,,雨天の時は8/1日,https://xn--6oq58tg5q04t7oq.tokyo/wp-content/uploads/2026/05/530cf143232ce0a856af1c29657ad543.pdf,https://xn--6oq58tg5q04t7oq.tokyo/wp-content/uploads/2026/05/530cf143232ce0a856af1c29657ad543.pdf https://goo.gl/maps/kWSvAM8UqCQKadPX6 https://道塚自治会.tokyo/,bondance(盆踊り大会情報),予定,2026-07-06
2026-152,アルパ屋上 サンシャイン広場,2026,7/30-8/1,19:00,21:15,アルパ屋上 サンシャイン広場,日本,関東,東京都,豊島区,JR線･営団等｢池袋｣,東京都豊島区東池袋3-1,,TRUE,不明,,,雨天中止,http://www.sunshinecity.co.jp/,https://x.com/sunshinechoukai/status/2058681727732834812 http://goo.gl/maps/NBXV1 http://www.sunshinecity.co.jp/,bondance(盆踊り大会情報),予定,2026-07-06
2026-153,八名川公園,2026,7/30-8/1,18:30,21:00,八名川公園,日本,関東,東京都,江東区,都営大江戸線｢森下｣,東京都江東区新大橋3-1,八名川地区連合町会,TRUE,不明,,,,https://shinohashi.amebaownd.com/posts/58980811,https://shinohashi.amebaownd.com/posts/58980811 https://maps.app.goo.gl/MUMAfXFTniwDto6X7 https://minamisuna1.com/37573/ https://shinohashi.amebaownd.com/,bondance(盆踊り大会情報),予定,2026-07-06
2026-154,第71回恵比寿駅前盆踊り大会（全恵比寿納涼盆踊大会）,2026,7/31-8/1,17:30,21:30,JR恵比寿駅西口広場,日本,関東,東京都,渋谷区,日比谷線･山手線｢恵比寿｣,東京都渋谷区恵比寿南1,全恵比寿納涼盆踊り大会実行委員会・恵比寿地区町会連合会・渋谷区商連恵比寿ブロック（後援：渋谷区）,TRUE,参加可,,駅前がまるごと踊りの輪になる第71回の老舗盆踊り。主催自ら「皆さまの踊りで盛り上げてほしい」と呼びかけ、本番前に3回の合同練習会まで用意。踊る側として迎えられる参加型の祭り。,,https://ebisubondance.jp/,https://ebisubondance.jp/ http://goo.gl/maps/trtTa https://ebisubondance.jp/ https://x.com/ebisubondance/status/2064575441189622250,bondance(盆踊り大会情報) +公式裏取り済,確定,2026-07-07
2026-155,蛭沼公園,2026,7/31-8/1,18:30,,蛭沼公園,日本,関東,東京都,足立区,千代田線｢綾瀬｣,東京都足立区綾瀬4-26-5,綾瀬東町会,TRUE,不明,,,,https://www.city.adachi.tokyo.jp/kuminjimu/chiikibunka/kuminsanka/higashiayase20-8.html,https://www.city.adachi.tokyo.jp/kuminjimu/chiikibunka/kuminsanka/higashiayase20-8.html https://goo.gl/maps/SMQi9hMfUD6gJ6gm6,bondance(盆踊り大会情報),予定,2026-07-06
2026-156,梅田南公園,2026,7/31-8/1,17:30,,梅田南公園,日本,関東,東京都,足立区,東武伊勢崎線｢梅島｣,東京都足立区梅田3-13-24,梅田本町自治会,TRUE,不明,,,,https://www.city.adachi.tokyo.jp/chiiki/bonfes2026.html,https://www.city.adachi.tokyo.jp/chiiki/bonfes2026.html https://maps.app.goo.gl/bmV6X1Xjtppb5HUC9,bondance(盆踊り大会情報),予定,2026-07-06
2026-157,埠頭公園,2026,7/31-8/1,18:00,21:00,埠頭公園,日本,関東,東京都,港区,ゆりかもめ｢芝浦ふ頭｣･山手線｢田町｣,東京都港区海岸3-14-34,海岸二･三丁目町会,TRUE,不明,,,,https://www.city.minato.tokyo.jp/documents/179419/20260630141053.pdf,https://www.city.minato.tokyo.jp/documents/179419/20260630141053.pdf https://goo.gl/maps/1dHrVAD8R4L8BV3dA,bondance(盆踊り大会情報),予定,2026-07-06
2026-158,江東区立深川第五中学校,2026,,,,江東区立深川第五中学校,日本,関東,東京都,江東区,有楽町線･ゆりかもめ線｢豊洲｣,東京都江東区豊洲4-11-18,豊洲町会,TRUE,不明,,,今年はお休み,https://minamisuna1.com/37573/,https://minamisuna1.com/37573/ https://maps.app.goo.gl/x3XRfbRkHBaaYSkz9 https://www.toyosu-chokai.com/,bondance(盆踊り大会情報),中止,2026-07-06
2026-159,品川区立第一日野小学校,2026,7/4,17:00,18:00,品川区立第一日野小学校,日本,関東,東京都,品川区,東急池上線｢戸越銀座｣･東急目黒線｢不動前｣,東京都品川区西五反田6-5-32,03-3491-2000,TRUE,不明,,,,https://www.city.shinagawa.tokyo.jp/PC/shisetsu/shisetsu-kuyakusyo/shisetsu-kuyakusyo-chiiki/hpg000017088.html,https://www.city.shinagawa.tokyo.jp/PC/shisetsu/shisetsu-kuyakusyo/shisetsu-kuyakusyo-chiiki/hpg000017088.html https://goo.gl/maps/NscrNnQPf9uaF3BE6 https://x.com/osakidai1/,bondance(盆踊り大会情報),終了,2026-07-06
2026-160,上野恩賜公園 竹の台広場(噴水広場),2026,7/3-5,17:00,17:35,上野恩賜公園 竹の台広場(噴水広場),日本,関東,東京都,台東区,JR山手線･京浜東北線･高崎線･宇都宮線･京成線｢上野｣,東京都台東区上野公園5-6,ふるさと東京応援祭 第三回ビールと浴衣de盆踊りin 上野2026,TRUE,不明,,,,https://www.furusatotokyofes.com/bondance,https://www.furusatotokyofes.com/bondance https://maps.app.goo.gl/22LQTqn7m4Pn1LbJ8 https://www.furusatotokyofes.com/,bondance(盆踊り大会情報),終了,2026-07-06
2026-161,小山八幡神社,2026,7/5,15:30,17:00,小山八幡神社,日本,関東,東京都,品川区,目黒線｢西小山｣･｢洗足｣,東京都品川区荏原7-5-14,小山八幡神社,TRUE,不明,,,,https://x.com/Yu_Kanmiya/status/2073023938125525215,https://x.com/Yu_Kanmiya/status/2073023938125525215 https://maps.app.goo.gl/2vYUgU7cpwksASFz5,bondance(盆踊り大会情報),終了,2026-07-06
2026-163,アルパ屋上 サンシャイン広場,2026,7/30-8/1,19:00,21:15,アルパ屋上 サンシャイン広場,日本,関東,東京都,豊島区,JR線･営団等｢池袋｣,東京都豊島区東池袋3-1,,TRUE,不明,,,雨天中止,http://www.sunshinecity.co.jp/,https://x.com/sunshinechoukai/status/2058681727732834812 http://goo.gl/maps/NBXV1 http://www.sunshinecity.co.jp/,bondance(盆踊り大会情報),予定,2026-07-06
2026-164,八名川公園,2026,7/30-8/1,18:30,21:00,八名川公園,日本,関東,東京都,江東区,都営大江戸線｢森下｣,東京都江東区新大橋3-1,八名川地区連合町会,TRUE,不明,,,,https://shinohashi.amebaownd.com/posts/58980811,https://shinohashi.amebaownd.com/posts/58980811 https://maps.app.goo.gl/MUMAfXFTniwDto6X7 https://minamisuna1.com/37573/ https://shinohashi.amebaownd.com/,bondance(盆踊り大会情報),予定,2026-07-06
2026-166,蛭沼公園,2026,7/31-8/1,18:30,,蛭沼公園,日本,関東,東京都,足立区,千代田線｢綾瀬｣,東京都足立区綾瀬4-26-5,綾瀬東町会,TRUE,不明,,,,https://www.city.adachi.tokyo.jp/kuminjimu/chiikibunka/kuminsanka/higashiayase20-8.html,https://www.city.adachi.tokyo.jp/kuminjimu/chiikibunka/kuminsanka/higashiayase20-8.html https://goo.gl/maps/SMQi9hMfUD6gJ6gm6,bondance(盆踊り大会情報),予定,2026-07-06
2026-167,梅田南公園,2026,7/31-8/1,17:30,,梅田南公園,日本,関東,東京都,足立区,東武伊勢崎線｢梅島｣,東京都足立区梅田3-13-24,梅田本町自治会,TRUE,不明,,,,https://www.city.adachi.tokyo.jp/chiiki/bonfes2026.html,https://www.city.adachi.tokyo.jp/chiiki/bonfes2026.html https://maps.app.goo.gl/bmV6X1Xjtppb5HUC9,bondance(盆踊り大会情報),予定,2026-07-06
2026-168,埠頭公園,2026,7/31-8/1,18:00,21:00,埠頭公園,日本,関東,東京都,港区,ゆりかもめ｢芝浦ふ頭｣･山手線｢田町｣,東京都港区海岸3-14-34,海岸二･三丁目町会,TRUE,不明,,,,https://www.city.minato.tokyo.jp/documents/179419/20260630141053.pdf,https://www.city.minato.tokyo.jp/documents/179419/20260630141053.pdf https://goo.gl/maps/1dHrVAD8R4L8BV3dA,bondance(盆踊り大会情報),予定,2026-07-06
2026-169,花畑公園,2026,8/1,16:00,20:30,花畑公園,日本,関東,東京都,足立区,東武スカイツリーライン｢竹ノ塚｣ バス花畑団地行き｢団地入口｣,東京都足立区花畑4-40-1,花畑地区町会自治会連合会,TRUE,不明,,,雨天の時は2日に順延,https://www.city.adachi.tokyo.jp/kuminjimu/chiikibunka/kuminsanka/chokai-hanahata426.html,https://www.city.adachi.tokyo.jp/kuminjimu/chiikibunka/kuminsanka/chokai-hanahata426.html https://maps.app.goo.gl/n9oF5XJ4ijD8QphE8 https://www.city.adachi.tokyo.jp/chiiki/bonfes2026.html,bondance(盆踊り大会情報),予定,2026-07-06
2026-170,東伊興氷川神社,2026,8/1,18:00,21:00,東伊興氷川神社,日本,関東,東京都,足立区,東武伊勢崎線｢竹ノ塚｣,東京都足立区東伊興2-12-6,東伊興町会,TRUE,不明,,,順延2日,https://www.city.adachi.tokyo.jp/kuminjimu/chiikibunka/kuminsanka/ikou.html,https://www.city.adachi.tokyo.jp/kuminjimu/chiikibunka/kuminsanka/ikou.html https://maps.app.goo.gl/GWFxMe3j7VG1prGY8 https://www.chokai.info/higashi_iko/,bondance(盆踊り大会情報),予定,2026-07-06
2026-171,GINZA SIX ガーデン 屋上庭園,2026,8/1,16:00,20:00,GINZA SIX ガーデン 屋上庭園,日本,関東,東京都,中央区,東京メトロ｢銀座｣･JR｢有楽町｣,東京都中央区銀座5-1-13,,TRUE,不明,,,,https://ginbura.ginza.jp/,https://ginbura.ginza.jp/ https://goo.gl/maps/CDnqT4VymnC2 https://ginbura.ginza.jp/,bondance(盆踊り大会情報),予定,2026-07-06
2026-172,第54回ホリデープロムナード ゆかたで銀ぶら,2026,8/1,18:00,20:15,銀座三丁目交差点(松屋銀座前),日本,関東,東京都,中央区,東京メトロ｢銀座｣･JR｢有楽町｣,東京都中央区銀座3-5-6,一般社団法人銀座通連合会（後援：中央区）,TRUE,不明,,歩行者天国の銀座中央通りと商業施設の屋上に櫓が立つ、年に一度の特別な夜。20回目のゆかたで銀ぶらは大銀座盆踊りに銘店屋台、2年ぶり復活の打ち水も。浴衣で味わう銀座流の涼。,,https://ginbura.ginza.jp/,https://ginbura.ginza.jp/ https://maps.app.goo.gl/QmZEWwaGxVfvMzPC9 https://ginbura.ginza.jp/,bondance(盆踊り大会情報) +公式裏取り済,確定,2026-07-07
2026-173,都立中川公園ふれあい広場,2026,8/1-2,18:00,,都立中川公園ふれあい広場,日本,関東,東京都,足立区,常磐線｢亀有｣,東京都足立区中川5-1,大谷田東自治会ほか 合同で実施,TRUE,不明,,,,https://www.city.adachi.tokyo.jp/kuminjimu/chiikibunka/kuminsanka/chokai-nakagawa.html,https://www.city.adachi.tokyo.jp/kuminjimu/chiikibunka/kuminsanka/chokai-nakagawa.html https://goo.gl/maps/jRuvWLz2hMWGocb89 https://www.city.adachi.tokyo.jp/chiiki/bonfes2026.html,bondance(盆踊り大会情報),予定,2026-07-06
2026-174,新田稲荷公園,2026,8/1-2,18:00,,新田稲荷公園,日本,関東,東京都,足立区,南北線｢王子神谷｣,東京都足立区新田1-18-5,足立区新田町会,TRUE,不明,,,,https://www.city.adachi.tokyo.jp/chiiki/bonfes2026.html,https://www.city.adachi.tokyo.jp/chiiki/bonfes2026.html https://goo.gl/maps/irGHw91EwdStYAnaA,bondance(盆踊り大会情報),予定,2026-07-06
2026-175,葛飾区医師会附属看護専門学校校庭,2026,8/1-2,17:30,21:00,葛飾区医師会附属看護専門学校校庭,日本,関東,東京都,葛飾区,京成電鉄押上線｢四ツ木｣,東京都葛飾区四つ木1-6,四つ木一丁目西町会･四つ木一丁目中町会合同,TRUE,不明,,,,https://www.city.katsushika.lg.jp/_res/projects/default_project/_page_/001/028/707/20260619.pdf,https://www.city.katsushika.lg.jp/_res/projects/default_project/_page_/001/028/707/20260619.pdf https://goo.gl/maps/GuoB9pGHgUHa3AhJ6 https://katsushika.uwasa-no.com/2025/07/02/bomdaice2025-1/,bondance(盆踊り大会情報),予定,2026-07-06
2026-176,深川一丁目児童遊園,2026,8/1,18:00,21:00,深川一丁目児童遊園,日本,関東,東京都,江東区,都営大江戸線｢門前仲町｣･半蔵門線｢清澄白河｣,東京都江東区深川1-3,深川一丁目睦会,TRUE,不明,,,雨天中止,https://minamisuna1.com/37573/,https://www.instagram.com/p/DZr6-s4PQWm/ https://maps.app.goo.gl/rRbeujYWHBsNMZer8 https://minamisuna1.com/37573/ https://www.instagram.com/fukaichi_mutsumi/,bondance(盆踊り大会情報),予定,2026-07-06
2026-177,五郎久保稲荷神社,2026,8/1-2,18:30,20:00,五郎久保稲荷神社,日本,関東,東京都,豊島区,西武池袋線｢東長崎｣･都営大江戸線｢落合南長崎｣,東京都豊島区南長崎5-12-7,南長崎五丁目町会,TRUE,不明,,,,https://www.city.toshima.lg.jp/documents/56995/20260701_all.pdf,https://www.city.toshima.lg.jp/documents/56995/20260701_all.pdf https://maps.app.goo.gl/jUB6Ue98rH6QuB1C7,bondance(盆踊り大会情報),予定,2026-07-06
2026-178,天祖神社 下丸子児童遊園(タコ公園),2026,8/1-2,18:30,21:00,天祖神社 下丸子児童遊園(タコ公園),日本,関東,東京都,大田区,東急多摩川線｢下丸子｣,東京都大田区下丸子3-10-8,下丸子三丁目町会,TRUE,不明,,,,https://www.city.ota.tokyo.jp/kamata/ts_yaguchi/oshirase_event/summercalendar.html,https://www.city.ota.tokyo.jp/kamata/ts_yaguchi/oshirase_event/summercalendar.html https://maps.app.goo.gl/BwMSpi5L2LSFNbjb9,bondance(盆踊り大会情報),予定,2026-07-06
2026-179,しょうぶ沼公園,2026,8/2-3,18:00,,しょうぶ沼公園,日本,関東,東京都,足立区,千代田線｢北綾瀬｣,東京都足立区谷中2-4-1,上谷中町自治会,TRUE,不明,,,,https://www.city.adachi.tokyo.jp/kuminjimu/chiikibunka/kuminsanka/higashiayase20-8.html,https://www.city.adachi.tokyo.jp/kuminjimu/chiikibunka/kuminsanka/higashiayase20-8.html https://goo.gl/maps/eSjqgoM9fMB2,bondance(盆踊り大会情報),予定,2026-07-06
2026-180,矢口二丁目公園,2026,8/2-3,18:30,21:00,矢口二丁目公園,日本,関東,東京都,大田区,東急多摩川線｢武蔵新田｣,東京都大田区矢口2-21-30,矢口二丁目15号館自治会･矢口二丁目16号館自治会,TRUE,不明,,,,https://www.city.ota.tokyo.jp/kamata/ts_yaguchi/oshirase_event/summercalendar.html,https://www.city.ota.tokyo.jp/kamata/ts_yaguchi/oshirase_event/summercalendar.html https://maps.app.goo.gl/Uoi44SePFS8LDoKm6,bondance(盆踊り大会情報),予定,2026-07-06
2026-181,鐡砲洲納涼盆踊り,2026,8/3-5,18:45,21:00,鉄砲洲児童公園,日本,関東,東京都,中央区,日比谷線･京葉線｢八丁堀｣,東京都中央区湊1-5,･入船一丁目町会,TRUE,不明,,,,http://chokai-jichikai.genki365.net/gnkc08/mypage/index.php?gid=G0000050,https://x.com/iri2choukai/status/2069959259895496872 https://goo.gl/maps/YAB93Wt9vF82 http://chokai-jichikai.genki365.net/gnkc08/mypage/index.php?gid=G0000050,bondance(盆踊り大会情報),予定,2026-07-06
2026-182,池上本門寺,2026,8/4-5,19:00,21:00,池上本門寺,日本,関東,東京都,大田区,東急池上線｢池上｣,東京都大田区池上1-1,池上本門寺通り商店会,TRUE,不明,,,雨天順延6日,https://otakushoren.com/event/120742,https://otakushoren.com/event/120742 http://goo.gl/maps/1TwrC https://honmonji.jp/news/schedule.html https://ikeshoren.jp/,bondance(盆踊り大会情報),予定,2026-07-06
2026-183,都立東綾瀬公園,2026,8/6-7,19:00,,都立東綾瀬公園,日本,関東,東京都,足立区,千代田線｢北綾瀬｣,東京都足立区東綾瀬2-10,東綾瀬自治会,TRUE,不明,,,,https://www.city.adachi.tokyo.jp/kuminjimu/chiikibunka/kuminsanka/higashiayase20-8.html,https://www.city.adachi.tokyo.jp/kuminjimu/chiikibunka/kuminsanka/higashiayase20-8.html https://maps.app.goo.gl/2cogmwk939ZTSkWs6,bondance(盆踊り大会情報),予定,2026-07-06
2026-184,鷲神社,2026,8/7-8,18:00,,鷲神社,日本,関東,東京都,足立区,東武伊勢崎線･東武大師線｢西新井｣,東京都足立区島根4-25-1,島根町会,TRUE,不明,,,雨天順延,https://www.city.adachi.tokyo.jp/chiiki/bonfes2026.html,https://www.city.adachi.tokyo.jp/chiiki/bonfes2026.html https://maps.app.goo.gl/XyyLjtsSJ5PgKg7VA,bondance(盆踊り大会情報),予定,2026-07-06
2026-185,加平第二公園,2026,8/7-8,18:00,,加平第二公園,日本,関東,東京都,足立区,千代田線｢北綾瀬｣,東京都足立区加平3-5-9,加平町会,TRUE,不明,,,,https://www.city.adachi.tokyo.jp/kuminjimu/chiikibunka/kuminsanka/higashiayase20-8.html,https://www.city.adachi.tokyo.jp/kuminjimu/chiikibunka/kuminsanka/higashiayase20-8.html https://maps.app.goo.gl/rxD4Mmk3FnPnwrmp9 https://www.city.adachi.tokyo.jp/chiiki/bonfes2026.html,bondance(盆踊り大会情報),予定,2026-07-06
2026-186,南蔵院 駐車場,2026,8/7-8,19:00,,南蔵院 駐車場,日本,関東,東京都,足立区,つくばエクスプレス｢八潮｣,東京都足立区神明3-18-18,神明東町会,TRUE,不明,,,,https://www.city.adachi.tokyo.jp/chiiki/bonfes2026.html,https://www.city.adachi.tokyo.jp/chiiki/bonfes2026.html https://maps.app.goo.gl/HxEHuZsdZ7NvdRnz9,bondance(盆踊り大会情報),予定,2026-07-06
2026-187,妙延寺,2026,8/7-8,18:30,,妙延寺,日本,関東,東京都,練馬区,西武池袋線｢大泉学園｣,東京都練馬区東大泉3-16-5,,TRUE,不明,,,,http://www.senbadaiko.com/schedule/index.html,http://www.senbadaiko.com/schedule/index.html https://maps.app.goo.gl/tuHqmjRBAmtjnjxy7 https://oizumi.gr.jp/,bondance(盆踊り大会情報),予定,2026-07-06
2026-188,江東公園,2026,8/7-8,,,江東公園,日本,関東,東京都,江東区,半蔵門線｢住吉｣･東西線｢東陽町｣,東京都江東区千田16-5,千田町会,TRUE,不明,,,,https://www.chokai.info/areanews/019731.php,https://www.chokai.info/areanews/019731.php https://maps.app.goo.gl/9G5cm1WPdpZhgYhP7 https://minamisuna1.com/37573/,bondance(盆踊り大会情報),予定,2026-07-06
2026-189,亀戸二丁目団地 1号棟前広場,2026,8/7-8,18:30,20:30,亀戸二丁目団地 1号棟前広場,日本,関東,東京都,江東区,総武線｢錦糸町｣,東京都江東区亀戸2-6-1,,TRUE,不明,,,小雨決行･荒天中止,https://koto-kameido.com/,https://koto-kameido.com/ https://maps.app.goo.gl/sdW3qT9eSaRA9oYDA https://minamisuna1.com/37573/,bondance(盆踊り大会情報),予定,2026-07-06
2026-190,南砂北公園(カバ公園),2026,8/7-8,18:00,20:30,南砂北公園(カバ公園),日本,関東,東京都,江東区,東西線｢東陽町｣,東京都江東区南砂1-8-4,南砂一･二丁目町会,TRUE,不明,,,,https://minamisuna1-2chokai.com/news/,https://minamisuna1-2chokai.com/news/ https://maps.app.goo.gl/KF1yXGAA5MuzF1PEA https://minamisuna1.com/37573/,bondance(盆踊り大会情報),予定,2026-07-06
2026-191,江東公園,2026,8/7-8,20:30,,江東公園,日本,関東,東京都,江東区,半蔵門線｢住吉｣･東西線｢東陽町｣,東京都江東区千田16-5,千田町会,TRUE,不明,,,,https://minamisuna1.com/26743/,https://minamisuna1.com/26743/ https://maps.app.goo.gl/9G5cm1WPdpZhgYhP7 https://www.city.koto.lg.jp/101010/kurashi/komyunitei/chokai/jichikai/bonnodorinatsumatsuri/documents/20250709172318.pdf,bondance(盆踊り大会情報),予定,2026-07-06
2026-192,東八幡神社,2026,8/7-8,19:00,21:00,東八幡神社,日本,関東,東京都,大田区,東急多摩川線｢矢口渡｣,東京都大田区矢口3-17-3,古市町会,TRUE,不明,,,,https://www.city.ota.tokyo.jp/kamata/ts_yaguchi/oshirase_event/summercalendar.html,https://www.city.ota.tokyo.jp/kamata/ts_yaguchi/oshirase_event/summercalendar.html https://maps.app.goo.gl/Vyx8q8xxtFMVJqkn6,bondance(盆踊り大会情報),予定,2026-07-06
2026-193,令和8年 神田明神納涼祭り,2026,8/7-9,16:30,20:30,神田明神境内,日本,関東,東京都,千代田区,中央線･総武線｢御茶ノ水｣･JR線｢秋葉原｣,東京都千代田区外神田2-16-2,江戸総鎮守 神田明神（運営協力：株式会社クラックス、絶品グルメ屋台の会、株式会社メイクマインド）,TRUE,参加可,ドラえもん音頭、サンシャインぴっかぴか音頭、おそ松くん音頭、炭坑節、東京音頭、神田明神音頭、邪神ちゃん音頭、クックロビン音頭、ダンシングヒーロー、おジャ魔女カーニバル,ドラえもん音頭からダンシングヒーローまで、秋葉原発の「アニソン盆踊り」が名物。全曲ガイドダンサー付き・同じ曲を2回連続で流す初心者設計で、オリジナルの神田明神音頭も踊れる。,,https://www.nouryo-matsuri.com/,https://www.nouryo-matsuri.com/ https://goo.gl/maps/rrJuY9ioVJrshNXm7 https://www.kandamyoujin.or.jp/,bondance(盆踊り大会情報) +公式裏取り済,確定,2026-07-07
2026-194,辰沼二丁目公園,2026,8/8,19:00,,辰沼二丁目公園,日本,関東,東京都,足立区,千代田線｢北綾瀬｣,東京都足立区辰沼2-11-20,辰沼二丁目公園,TRUE,不明,,,,https://www.city.adachi.tokyo.jp/chiiki/bonfes2026.html,https://www.city.adachi.tokyo.jp/chiiki/bonfes2026.html https://maps.app.goo.gl/rwuKVwCsgP5CepXb6,bondance(盆踊り大会情報),予定,2026-07-06
2026-195,豊田神社,2026,8/8,18:00,20:30,豊田神社,日本,関東,東京都,江戸川区,都営新宿線｢瑞江｣,東京都江戸川区東瑞江1-18-1,下鎌田町会,TRUE,不明,,,,https://www.city.edogawa.tokyo.jp/e036/kurashi/chiikicommunity/johokyoku/tobu/event/toubutikubonnodori.html,https://www.city.edogawa.tokyo.jp/e036/kurashi/chiikicommunity/johokyoku/tobu/event/toubutikubonnodori.html https://goo.gl/maps/W4rTN8avhoWyF2iU9 https://simokamata.web.fc2.com/index.html,bondance(盆踊り大会情報),予定,2026-07-06
2026-196,都立東綾瀬公園,2026,8/8-9,18:30,,都立東綾瀬公園,日本,関東,東京都,足立区,千代田線｢北綾瀬｣,東京都足立区東綾瀬3-4,蒲谷自治会,TRUE,不明,,,,https://www.city.adachi.tokyo.jp/kuminjimu/chiikibunka/kuminsanka/higashiayase20-8.html,https://www.city.adachi.tokyo.jp/kuminjimu/chiikibunka/kuminsanka/higashiayase20-8.html https://maps.app.goo.gl/q7CJswf2zQsmG2Ng9,bondance(盆踊り大会情報),予定,2026-07-06
2026-197,第2回 とよす夏祭り 2026,2026,8/8-9,16:00,21:00,アーバンドック ららぽーと豊洲1 1F シーサイドデッキ(屋外中庭),日本,関東,東京都,江東区,有楽町線･ゆりかもめ｢豊洲｣,東京都江東区豊洲2-4-9,とよす夏祭り2025,TRUE,不明,,公式日程未発表（7月上旬更新予定）,,https://mitsui-shopping-park.com/lalaport/toyosu/event/3420509.html,https://mitsui-shopping-park.com/lalaport/toyosu/event/3420509.html https://maps.app.goo.gl/ab65kc5AaYSZADzHA https://mitsui-shopping-park.com/lalaport/toyosu/,bondance(盆踊り大会情報),未確認,2026-07-07
2026-198,篠崎6丁目第二広場(アスレチック公園),2026,8/9-10,18:30,21:00,篠崎6丁目第二広場(アスレチック公園),日本,関東,東京都,江戸川区,都営新宿線｢篠崎｣,東京都江戸川区篠崎町6-6-12,下篠崎町会,TRUE,不明,,,,https://www.city.edogawa.tokyo.jp/e036/kurashi/chiikicommunity/johokyoku/tobu/event/toubutikubonnodori.html,https://www.city.edogawa.tokyo.jp/e036/kurashi/chiikicommunity/johokyoku/tobu/event/toubutikubonnodori.html https://goo.gl/maps/pvcFkJyk6TvNhTbKA https://www.chokai.info/shimoshinozaki/036728.php,bondance(盆踊り大会情報),予定,2026-07-06
2026-199,第2回 とよす夏祭り 2026,2026,8/11,16:00,21:00,アーバンドック ららぽーと豊洲1 1F シーサイドデッキ(屋外中庭),日本,関東,東京都,江東区,有楽町線･ゆりかもめ｢豊洲｣,東京都江東区豊洲2-4-9,とよす夏祭り2025,TRUE,不明,,公式日程未発表（7月上旬更新予定）,,https://mitsui-shopping-park.com/lalaport/toyosu/event/3420509.html,https://mitsui-shopping-park.com/lalaport/toyosu/event/3420509.html https://maps.app.goo.gl/ab65kc5AaYSZADzHA https://mitsui-shopping-park.com/lalaport/toyosu/,bondance(盆踊り大会情報),未確認,2026-07-07
2026-200,第2回 とよす夏祭り 2026,2026,8/15-16,16:00,21:00,アーバンドック ららぽーと豊洲1 1F シーサイドデッキ(屋外中庭),日本,関東,東京都,江東区,有楽町線･ゆりかもめ｢豊洲｣,東京都江東区豊洲2-4-9,とよす夏祭り2025,TRUE,不明,,公式日程未発表（7月上旬更新予定）,,https://mitsui-shopping-park.com/lalaport/toyosu/event/3420509.html,https://mitsui-shopping-park.com/lalaport/toyosu/event/3420509.html https://maps.app.goo.gl/ab65kc5AaYSZADzHA https://mitsui-shopping-park.com/lalaport/toyosu/,bondance(盆踊り大会情報),未確認,2026-07-07
2026-201,東本願寺盆踊り,2026,8/19-20,,,浅草東本願寺,日本,関東,東京都,台東区,銀座線｢田原町｣･都営浅草線･つくばエクスプレス線｢浅草｣,東京都台東区西浅草1-5,,TRUE,不明,,浅草・東本願寺の境内で開かれる2日間の盆踊り。昨年は和太鼓にDJタイム、手持ち花火体験まで加わった寺×現代カルチャーの異色の夏祭りに。2026年の詳細はInstagramでの告知待ち。,,https://www.honganji.or.jp/,https://x.com/STBA_Bonodori/status/2027343407455346823 https://goo.gl/maps/sFd7CaYvqfp https://x.com/STBA_Bonodori,bondance(盆踊り大会情報) +公式裏取り済,未確認,2026-07-07
2026-202,渋江東公園,2026,8/20-21,18:00,21:00,渋江東公園,日本,関東,東京都,葛飾区,京成押上線｢四ツ木｣,東京都葛飾区東四つ木2-15,渋江東町会,TRUE,不明,,,,https://www.city.katsushika.lg.jp/_res/projects/default_project/_page_/001/028/707/20260619.pdf,https://www.city.katsushika.lg.jp/_res/projects/default_project/_page_/001/028/707/20260619.pdf https://goo.gl/maps/UwcSKbWDompkyjwRA,bondance(盆踊り大会情報),予定,2026-07-06
2026-203,花保広場(花保さくら公園),2026,8/21,19:00,,花保広場(花保さくら公園),日本,関東,東京都,足立区,つくばエクスプレス｢六町｣,東京都足立区南花畑3-1,花保町会,TRUE,不明,,,雨天延期8月22日,https://www.city.adachi.tokyo.jp/chiiki/bonfes2026.html,https://www.city.adachi.tokyo.jp/chiiki/bonfes2026.html https://goo.gl/maps/eLjFxZnWqwr,bondance(盆踊り大会情報),予定,2026-07-06
2026-204,第36回中央区大江戸まつり盆おどり大会,2026,8/21-22,16:00,21:00,浜町公園 中央区大江戸まつり盆おどり大会,日本,関東,東京都,中央区,都営新宿線｢浜町｣･東西線･都営浅草線｢人形町｣,東京都中央区日本橋浜町2-59,中央区・中央区大江戸まつり実行委員会（事務局：区民部地域振興課）,TRUE,参加可,これがお江戸の盆ダンス,オリジナル曲「これがお江戸の盆ダンス」で踊る中央区の夏の締めくくり。第36回は区制80周年の記念大会で、民謡歌手の生歌に縁日・友好都市コーナー、無料臨時バスまで揃う区を挙げての祭典。,,https://www.city.chuo.lg.jp/a0013/bunkakankou/kankoujouhou/event/ooedomaturi.html,https://www.city.chuo.lg.jp/a0013/bunkakankou/kankoujouhou/event/ooedomaturi.html https://goo.gl/maps/1oRVdeq15X9zs7gN6,bondance(盆踊り大会情報) +公式裏取り済,確定,2026-07-07
2026-205,伊興二丁目 足立第14リーグ少年野球場,2026,8/21-22,18:00,21:00,伊興二丁目 足立第14リーグ少年野球場,日本,関東,東京都,足立区,東武伊勢崎線｢竹ノ塚｣･日暮里舎人ライナー｢谷在家｣,東京都足立区伊興2-4,伊興南町会,TRUE,不明,,,順延なし,https://www.city.adachi.tokyo.jp/kuminjimu/chiikibunka/kuminsanka/ikou.html,https://www.city.adachi.tokyo.jp/kuminjimu/chiikibunka/kuminsanka/ikou.html https://goo.gl/maps/7R3QbzgAGbyqe9x58 https://www.city.adachi.tokyo.jp/chiiki/bonfes2026.html,bondance(盆踊り大会情報),予定,2026-07-06
2026-206,東綾瀬公園(はと広場),2026,8/21-22,19:00,,東綾瀬公園(はと広場),日本,関東,東京都,足立区,千代田線｢北綾瀬｣,東京都足立区綾瀬3-10,綾瀬三丁目自治会,TRUE,不明,,,,https://www.city.adachi.tokyo.jp/kuminjimu/chiikibunka/kuminsanka/higashiayase20-8.html,https://www.city.adachi.tokyo.jp/kuminjimu/chiikibunka/kuminsanka/higashiayase20-8.html https://goo.gl/maps/5karrScpo5sUTGg67,bondance(盆踊り大会情報),予定,2026-07-06
2026-207,江戸川区立下鎌田東小学校,2026,8/22,17:00,21:30,江戸川区立下鎌田東小学校,日本,関東,東京都,江戸川区,都営新宿線｢瑞江｣,東京都江戸川区江戸川2-16-3,下鎌田町会(宿和会),TRUE,不明,,,,https://www.city.edogawa.tokyo.jp/e036/kurashi/chiikicommunity/johokyoku/tobu/event/toubutikubonnodori.html,https://www.city.edogawa.tokyo.jp/e036/kurashi/chiikicommunity/johokyoku/tobu/event/toubutikubonnodori.html https://maps.app.goo.gl/YSVPdekeTjgoRKQKA https://simokamata.web.fc2.com/M-event/R6/bonodori/bon.html,bondance(盆踊り大会情報),予定,2026-07-06
2026-208,大谷田公園,2026,8/22-23,18:30,,大谷田公園,日本,関東,東京都,足立区,千代田線｢北綾瀬｣,東京都足立区大谷田4-4-1,大谷田西部自治会,TRUE,不明,,,,https://www.city.adachi.tokyo.jp/chiiki/bonfes2026.html,https://www.city.adachi.tokyo.jp/chiiki/bonfes2026.html https://maps.app.goo.gl/Dhw6g7AiK91cfhDS7,bondance(盆踊り大会情報),予定,2026-07-06
2026-209,梅島天満宮,2026,8/22-23,19:00,,梅島天満宮,日本,関東,東京都,足立区,東武伊勢崎線｢梅島｣,東京都足立区梅島3-2-5,梅島町会,TRUE,不明,,,,https://www.city.adachi.tokyo.jp/chiiki/bonfes2026.html,https://www.city.adachi.tokyo.jp/chiiki/bonfes2026.html https://maps.app.goo.gl/PYx1od1mJZpicPkeA,bondance(盆踊り大会情報),予定,2026-07-06
2026-210,四つ木白髭神社,2026,8/22-23,18:30,20:30,四つ木白髭神社,日本,関東,東京都,葛飾区,京成電鉄押上線｢四ツ木｣･｢京成立石｣,東京都葛飾区四つ木2-18-17,四つ木町会,TRUE,不明,,,,https://www.city.katsushika.lg.jp/_res/projects/default_project/_page_/001/028/707/20260619.pdf,https://www.city.katsushika.lg.jp/_res/projects/default_project/_page_/001/028/707/20260619.pdf https://goo.gl/maps/yFhH6LTgQC369AFw5,bondance(盆踊り大会情報),予定,2026-07-06
2026-211,葛飾区立大道中学校,2026,8/22-23,18:30,20:30,葛飾区立大道中学校,日本,関東,東京都,葛飾区,京成本線｢お花茶屋｣･京成押上線｢京成立石｣,東京都葛飾区四つ木5-22-1,四つ木五丁目町会,TRUE,不明,,,,https://www.city.katsushika.lg.jp/_res/projects/default_project/_page_/001/028/707/20260619.pdf,https://www.city.katsushika.lg.jp/_res/projects/default_project/_page_/001/028/707/20260619.pdf https://maps.app.goo.gl/Sci1HrHBtdxH7XDM8 https://katsushika.uwasa-no.com/2025/07/02/bomdaice2025-1/,bondance(盆踊り大会情報),予定,2026-07-06
2026-212,駒込六丁目児童遊園,2026,8/22,18:00,21:00,駒込六丁目児童遊園,日本,関東,東京都,豊島区,JR山手線｢駒込｣･JR京浜東北･根岸線｢上中里｣,東京都豊島区駒込6-25-2,駒込六丁目東文化会,TRUE,不明,,,,https://www.city.toshima.lg.jp/documents/56995/20260701_all.pdf,https://www.city.toshima.lg.jp/documents/56995/20260701_all.pdf https://goo.gl/maps/FuY1rbocC3ZB6eb89 https://sites.google.com/view/koma6higashibunkakai,bondance(盆踊り大会情報),予定,2026-07-06
2026-213,工和会館及び会館前車道,2026,8/22-23,18:00,20:30,工和会館及び会館前車道,日本,関東,東京都,大田区,東急多摩川線｢下丸子｣,東京都大田区下丸子1-6-4,下丸子東町会,TRUE,不明,,,,https://www.city.ota.tokyo.jp/kamata/ts_yaguchi/oshirase_event/summercalendar.html,https://www.city.ota.tokyo.jp/kamata/ts_yaguchi/oshirase_event/summercalendar.html https://maps.app.goo.gl/QiiKYZghUAwuCBKTA,bondance(盆踊り大会情報),予定,2026-07-06
2026-214,赤坂サカス広場,2026,8/28-29,17:30,20:30,赤坂サカス広場,日本,関東,東京都,港区,千代田線｢赤坂｣･丸の内線･銀座線｢赤坂見附｣,東京都港区赤坂5-3-6,赤坂新町五丁目町会,TRUE,不明,,,,https://www.city.minato.tokyo.jp/documents/179419/20260630141053.pdf,https://www.city.minato.tokyo.jp/documents/179419/20260630141053.pdf https://goo.gl/maps/KDLsNP46wGRfqzJg6 https://shin5-yama.wixsite.com/akasakashin5choukai,bondance(盆踊り大会情報),予定,2026-07-06
2026-215,八雲神社,2026,8/29,18:00,20:30,八雲神社,日本,関東,東京都,江戸川区,都営新宿線｢一之江｣･｢瑞江｣,東京都江戸川区江戸川3-24-9,今井町会,TRUE,不明,,,,https://www.city.edogawa.tokyo.jp/e036/kurashi/chiikicommunity/johokyoku/tobu/event/toubutikubonnodori.html,https://www.city.edogawa.tokyo.jp/e036/kurashi/chiikicommunity/johokyoku/tobu/event/toubutikubonnodori.html https://maps.app.goo.gl/WKgPiDnxNwF2Mmjs7 https://www.chokai.info/imai/037823.php,bondance(盆踊り大会情報),予定,2026-07-06
2026-216,品川区立大原小学校,2026,8/29,18:30,20:30,品川区立大原小学校,日本,関東,東京都,品川区,東急大井町線｢戸越公園｣･東急池上線｢荏原中延｣,東京都品川区戸越6-17-3,戸越六丁目町会,TRUE,不明,,,小雨開催,https://hebikubo.jp/2025/07/03/r7-hebikubofestival/,https://www.instagram.com/p/DY_xGL5SLtj/ https://maps.app.goo.gl/hQyEUzaYxD4qcjtm7 https://hebikubo.jp/2025/07/03/r7-hebikubofestival/,bondance(盆踊り大会情報),予定,2026-07-06
2026-217,南綾瀬中央公園,2026,8/29-30,20:30,,南綾瀬中央公園,日本,関東,東京都,葛飾区,千代田線｢綾瀬｣･京成本線｢堀切菖蒲園｣,東京都葛飾区堀切7-8-7,堀切七丁目町会,TRUE,不明,,,,https://www.city.katsushika.lg.jp/information/1030313/1028707.html,https://www.city.katsushika.lg.jp/information/1030313/1028707.html https://maps.app.goo.gl/vRuyGAR4DHeP9pkH6 https://www.chokai.info/horikiri7/,bondance(盆踊り大会情報),予定,2026-07-06
2026-218,若宮八幡神社,2026,8/29-30,18:00,21:00,若宮八幡神社,日本,関東,東京都,足立区,東武伊勢崎線｢竹ノ塚｣,東京都足立区伊興2-12-22,伊興中央町会,TRUE,不明,,,順延なし,https://www.city.adachi.tokyo.jp/kuminjimu/chiikibunka/kuminsanka/ikou.html,https://www.city.adachi.tokyo.jp/kuminjimu/chiikibunka/kuminsanka/ikou.html https://goo.gl/maps/B5J4DJHFRnN2 http://www.chokai.info/ikochuo/,bondance(盆踊り大会情報),予定,2026-07-06
2026-219,鉄砲洲児童公園 盆踊り,2026,8/3-5,18:45,21:00,鉄砲洲児童公園,日本,関東,東京都,中央区,日比谷線･京葉線｢八丁堀｣,東京都中央区湊1-5,湊一丁目･湊二丁目･入船一丁目･入船二丁目町会,TRUE,不明,,,雨天中止,http://chokai-jichikai.genki365.net/gnkc08/mypage/index.php?gid=G0000050,,bondance(盆踊り大会情報),予定,2026-07-07
2026-220,ゆかたで銀ぶら GINZA SIX ガーデン屋上盆踊り,2026,8/1,16:00,20:00,GINZA SIX ガーデン 屋上庭園,日本,関東,東京都,中央区,銀座線･丸ノ内線･日比谷線｢銀座｣,東京都中央区銀座6-10-1,銀実会,TRUE,不明,,ゆかたで銀ぶら連動。商業施設屋上の櫓（公式は施設名未明記のため要確認）,,https://ginbura.ginza.jp/,,bondance(盆踊り大会情報),予定,2026-07-07
2026-221,第79回 みたままつり（靖国神社）,2026,07/13,,,靖国神社,日本,関東,東京都,千代田区,東京メトロ・都営地下鉄｢九段下｣,,,TRUE,不明,,,,https://www.yasukuni.or.jp/news_detail.html?id=701,https://www.yasukuni.or.jp/news_detail.html?id=701,,掲載,2026-07-15
2026-222,第19回しもしゃく祭り,2026,07/17,17:00,,昭和通り（下石神井商店街）,日本,関東,東京都,練馬区,上石神井駅,,,TRUE,不明,,,,https://www.nerima-kushoren.jp/eventlist,https://www.nerima-kushoren.jp/eventlist,,掲載,2026-07-15
2026-223,木場二丁目町会 盆踊り大会,2026,07/17,18:00,,木場二丁目公園（木場2-11-11）,日本,関東,東京都,江東区,,,,TRUE,不明,,,,https://www.city.koto.lg.jp/101010/kurashi/komyunitei/chokai/jichikai/bonnodorinatsumatsuri/documents/20260708073059.pdf,https://www.city.koto.lg.jp/101010/kurashi/komyunitei/chokai/jichikai/bonnodorinatsumatsuri/documents/20260708073059.pdf,,掲載,2026-07-15
2026-224,納涼盆踊り（梅田正和町会）,2026,07/17,18:30,,関原中央公園,日本,関東,東京都,足立区,,,,TRUE,不明,,,,https://www.city.adachi.tokyo.jp/chiiki/bonfes2026.html,https://www.city.adachi.tokyo.jp/chiiki/bonfes2026.html,,掲載,2026-07-15
2026-225,文園町会 盆踊り,2026,07/18,18:30,,中野区立文園公園,日本,関東,東京都,中野区,JR中央線 中野/西武新宿線 新井薬師前,,,TRUE,不明,,,,https://www.fumizono.com/bondance2026.html,https://www.fumizono.com/bondance2026.html,,掲載,2026-07-15
2026-226,東陽二丁目町会盆踊り,2026,07/18,19:00,,江東区教育センターコミュニティ広場,日本,関東,東京都,江東区,東西線 東陽町,,,TRUE,不明,,,,https://f-kurashi.tokyo/toyo2-bonodori/,https://f-kurashi.tokyo/toyo2-bonodori/,,掲載,2026-07-15
2026-227,冬木盆踊り,2026,07/18,18:00,,深川二中（冬木22-10）,日本,関東,東京都,江東区,,,,TRUE,不明,,,,https://fuyuki.tokyo/archives/768,https://fuyuki.tokyo/archives/768,,掲載,2026-07-15
2026-228,東小松川二丁目町会 盆踊り,2026,07/18,17:30,,東小松川東公園,日本,関東,東京都,江戸川区,,,,TRUE,不明,,,,https://www.city.edogawa.tokyo.jp/e031/kurashi/chiikicommunity/johokyoku/chuo/event/tyuoutikukakigyoji.html,https://www.city.edogawa.tokyo.jp/e031/kurashi/chiikicommunity/johokyoku/chuo/event/tyuoutikukakigyoji.html,,掲載,2026-07-15
2026-229,貞明町会 盆踊り,2026,07/18,19:00,,貞明児童遊園,日本,関東,東京都,江戸川区,,,,TRUE,不明,,,,https://www.city.edogawa.tokyo.jp/e031/kurashi/chiikicommunity/johokyoku/chuo/event/tyuoutikukakigyoji.html,https://www.city.edogawa.tokyo.jp/e031/kurashi/chiikicommunity/johokyoku/chuo/event/tyuoutikukakigyoji.html,,掲載,2026-07-15
2026-230,松江二丁目町会 納涼踊り,2026,07/18,18:00,,松江二丁目児童遊園,日本,関東,東京都,江戸川区,,,,TRUE,不明,,,,https://www.city.edogawa.tokyo.jp/e031/kurashi/chiikicommunity/johokyoku/chuo/event/tyuoutikukakigyoji.html,https://www.city.edogawa.tokyo.jp/e031/kurashi/chiikicommunity/johokyoku/chuo/event/tyuoutikukakigyoji.html,,掲載,2026-07-15
2026-231,大杉町会 盆踊り,2026,07/18,18:30,,大杉一丁目公園,日本,関東,東京都,江戸川区,,,,TRUE,不明,,,,https://www.city.edogawa.tokyo.jp/e031/kurashi/chiikicommunity/johokyoku/chuo/event/tyuoutikukakigyoji.html,https://www.city.edogawa.tokyo.jp/e031/kurashi/chiikicommunity/johokyoku/chuo/event/tyuoutikukakigyoji.html,,掲載,2026-07-15
2026-232,納涼盆踊り大会（新二之江町会）,2026,07/18,18:00,,二之江さくら公園,日本,関東,東京都,江戸川区,,,,TRUE,不明,,,,https://www.city.edogawa.tokyo.jp/e034/kurashi/chiikicommunity/johokyoku/kasai/event/index.html,https://www.city.edogawa.tokyo.jp/e034/kurashi/chiikicommunity/johokyoku/kasai/event/index.html,,掲載,2026-07-15
2026-233,納涼盆踊り大会（綾瀬五・六丁目自治会）,2026,07/18,18:00,,東綾瀬公園,日本,関東,東京都,足立区,,,,TRUE,不明,,,,https://www.city.adachi.tokyo.jp/chiiki/bonfes2026.html,https://www.city.adachi.tokyo.jp/chiiki/bonfes2026.html,,掲載,2026-07-15
2026-234,盆踊り（鹿骨一丁目町会）,2026,07/18,,,鹿骨一丁目第二公園,日本,関東,東京都,江戸川区,,,,TRUE,不明,,,,https://www.city.edogawa.tokyo.jp/e037/kurashi/chiikicommunity/johokyoku/shishibone/event/bonodori.html,https://www.city.edogawa.tokyo.jp/e037/kurashi/chiikicommunity/johokyoku/shishibone/event/bonodori.html,,掲載,2026-07-15
2026-235,盆踊り（新堀町会）,2026,07/18,,,高田公園,日本,関東,東京都,江戸川区,,,,TRUE,不明,,,,https://www.city.edogawa.tokyo.jp/e037/kurashi/chiikicommunity/johokyoku/shishibone/event/bonodori.html,https://www.city.edogawa.tokyo.jp/e037/kurashi/chiikicommunity/johokyoku/shishibone/event/bonodori.html,,掲載,2026-07-15
2026-236,盆踊り（谷河内北町会）,2026,07/18,,,谷河内日枝神社,日本,関東,東京都,江戸川区,,,,TRUE,不明,,,,https://www.city.edogawa.tokyo.jp/e037/kurashi/chiikicommunity/johokyoku/shishibone/event/bonodori.html,https://www.city.edogawa.tokyo.jp/e037/kurashi/chiikicommunity/johokyoku/shishibone/event/bonodori.html,,掲載,2026-07-15
2026-237,馬込大盆踊り大会,2026,07/18,,,大田区立貝塚中学校,日本,関東,東京都,大田区,都営浅草線｢馬込｣,,,TRUE,不明,,,,https://sites.google.com/view/magome-ota,https://sites.google.com/view/magome-ota,,掲載,2026-07-15
2026-238,桜川納涼盆踊り大会（VIVA BON DANCE 2026）,2026,07/18,,,桜川児童遊園（子どもの遊び場）,日本,関東,東京都,板橋区,,,,TRUE,不明,,,,https://www.sakuragawa.info/?p=1077,https://www.sakuragawa.info/?p=1077,,掲載,2026-07-15
2026-239,東水元公園 盆踊り,2026,07/18,,,東水元公園,日本,関東,東京都,葛飾区,JR常磐線｢金町｣/京成金町線｢京成金町｣,,,TRUE,不明,,,,https://mizumoto-chiku.com/,https://mizumoto-chiku.com/,,掲載,2026-07-15
2026-240,木場一・六町会 盆踊り大会,2026,07/18,18:00,,深川ギャザリアセンタープラザ（木場1丁目）,日本,関東,東京都,江東区,東京メトロ東西線｢木場｣,,,TRUE,不明,,,,https://prtimes.jp/main/html/rd/p/000000193.000056990.html,https://prtimes.jp/main/html/rd/p/000000193.000056990.html,,掲載,2026-07-15
2026-241,盆踊り大会（桑川町親和会）,2026,07/19,17:00,,桑川神社境内,日本,関東,東京都,江戸川区,,,,TRUE,不明,,,,https://www.city.edogawa.tokyo.jp/e034/kurashi/chiikicommunity/johokyoku/kasai/event/index.html,https://www.city.edogawa.tokyo.jp/e034/kurashi/chiikicommunity/johokyoku/kasai/event/index.html,,掲載,2026-07-15
2026-242,4町会合同盆踊り大会（仲宿東・氷川・宮元親興・仲宿睦）,2026,07/19,18:00,,板橋区立板橋第一小学校校庭,日本,関東,東京都,板橋区,都営三田線｢板橋区役所前｣,,,TRUE,不明,,,,https://nakajukuhigashi.com/posts/news32.html,https://nakajukuhigashi.com/posts/news32.html,,掲載,2026-07-15
2026-243,サンシティ真夏の集い・こども祭 盆踊り,2026,07/19,,,サンシティ（板橋区中台）,日本,関東,東京都,板橋区,都営三田線｢志村三丁目｣,,,TRUE,不明,,,,https://www.suncity.jp/news-2/%E3%82%B5%E3%83%B3%E3%82%B7%E3%83%86%E3%82%A3%E7%9C%9F%E5%A4%8F%E3%81%AE%E9%9B%86%E3%81%84%E3%83%BB%E3%81%93%E3%81%A9%E3%82%82%E7%A5%AD%E3%80%80%E7%9B%86%E8%B8%8A%E3%82%8A%E3%80%80%E3%80%80%E3%80%80/,https://www.suncity.jp/news-2/%E3%82%B5%E3%83%B3%E3%82%B7%E3%83%86%E3%82%A3%E7%9C%9F%E5%A4%8F%E3%81%AE%E9%9B%86%E3%81%84%E3%83%BB%E3%81%93%E3%81%A9%E3%82%82%E7%A5%AD%E3%80%80%E7%9B%86%E8%B8%8A%E3%82%8A%E3%80%80%E3%80%80%E3%80%80/,,掲載,2026-07-15
2026-244,盆踊り（上篠崎自治会）,2026,07/20,,,浅間神社,日本,関東,東京都,江戸川区,,,,TRUE,不明,,,,https://www.city.edogawa.tokyo.jp/e037/kurashi/chiikicommunity/johokyoku/shishibone/event/bonodori.html,https://www.city.edogawa.tokyo.jp/e037/kurashi/chiikicommunity/johokyoku/shishibone/event/bonodori.html,,掲載,2026-07-15
2026-245,笹塚大通り商店街 盆踊り,2026,07/24,19:00,,京王線笹塚駅ショッピングモール21前路上,日本,関東,東京都,渋谷区,京王線 笹塚,,,TRUE,不明,,,,https://www.mall21.co.jp/,https://www.mall21.co.jp/,,掲載,2026-07-15
2026-246,玉川町会 盆踊り,2026,07/24,19:00,,二子玉川西地区ふれあい広場,日本,関東,東京都,世田谷区,田園都市線・東急大井町線 二子玉川,,,TRUE,不明,,,,https://setagayatamagawa.com/,https://setagayatamagawa.com/,,掲載,2026-07-15
2026-247,丸の内盆踊り2026（大手町・丸の内・有楽町 夏祭り）,2026,07/24,19:00,,行幸通り,日本,関東,東京都,千代田区,東京駅,,,TRUE,不明,,,,https://www.marunouchi.com/pickup/event/9833/,https://www.marunouchi.com/pickup/event/9833/,,掲載,2026-07-15
2026-248,納涼盆踊り大会（共栄商店会）,2026,07/24,18:00,,練馬区立橋戸新田公園,日本,関東,東京都,練馬区,,,,TRUE,不明,,,,https://www.nerima-kushoren.jp/eventlist,https://www.nerima-kushoren.jp/eventlist,,掲載,2026-07-15
2026-249,千石二・三丁目町会 納涼踊り大会,2026,07/24,18:30,,川南公園（千石2-9-22）,日本,関東,東京都,江東区,,,,TRUE,不明,,,,https://www.city.koto.lg.jp/101010/kurashi/komyunitei/chokai/jichikai/bonnodorinatsumatsuri/documents/20260708073059.pdf,https://www.city.koto.lg.jp/101010/kurashi/komyunitei/chokai/jichikai/bonnodorinatsumatsuri/documents/20260708073059.pdf,,掲載,2026-07-15
2026-250,盆踊り（本一色自治会）,2026,07/24,,,本一色小学校,日本,関東,東京都,江戸川区,,,,TRUE,不明,,,,https://www.city.edogawa.tokyo.jp/e037/kurashi/chiikicommunity/johokyoku/shishibone/event/bonodori.html,https://www.city.edogawa.tokyo.jp/e037/kurashi/chiikicommunity/johokyoku/shishibone/event/bonodori.html,,掲載,2026-07-15
2026-251,盆踊り（鹿骨五丁目町会）,2026,07/24,,,鹿骨五丁目児童遊園,日本,関東,東京都,江戸川区,,,,TRUE,不明,,,,https://www.city.edogawa.tokyo.jp/e037/kurashi/chiikicommunity/johokyoku/shishibone/event/bonodori.html,https://www.city.edogawa.tokyo.jp/e037/kurashi/chiikicommunity/johokyoku/shishibone/event/bonodori.html,,掲載,2026-07-15
2026-252,盆踊り（篠崎仲町自治会）,2026,07/24,,,篠崎小学校,日本,関東,東京都,江戸川区,,,,TRUE,不明,,,,https://www.city.edogawa.tokyo.jp/e037/kurashi/chiikicommunity/johokyoku/shishibone/event/bonodori.html,https://www.city.edogawa.tokyo.jp/e037/kurashi/chiikicommunity/johokyoku/shishibone/event/bonodori.html,,掲載,2026-07-15
2026-253,芦花公園納涼盆踊り大会,2026,07/24,16:00,,芦花公園駅前ロータリー,日本,関東,東京都,世田谷区,京王線｢芦花公園｣,,,TRUE,不明,,,,https://www.rokakoen.tokyo/2026-07-07-001/,https://www.rokakoen.tokyo/2026-07-07-001/,,掲載,2026-07-15
2026-254,大田文化の森 盆踊り,2026,07/25,18:00,,大田文化の森,日本,関東,東京都,大田区,JR京浜東北根岸線 大森/京急本線 平和島,,,TRUE,不明,,,,https://www.bunmori-unkyo.jp/,https://www.bunmori-unkyo.jp/,,掲載,2026-07-15
2026-255,東陽一丁目町会 盆踊り大会,2026,07/25,18:00,,旧子供広場（東陽1-19-6）,日本,関東,東京都,江東区,,,,TRUE,不明,,,,https://toyo1tyokai.1net.jp/schedule.html,https://toyo1tyokai.1net.jp/schedule.html,,掲載,2026-07-15
2026-256,亀戸九丁目町会合同 納涼盆踊り大会,2026,07/25,18:00,,浅間堅川小学校校庭（亀戸9-22-4）,日本,関東,東京都,江東区,,,,TRUE,不明,,,,https://www.city.koto.lg.jp/101010/kurashi/komyunitei/chokai/jichikai/bonnodorinatsumatsuri/documents/20260708073059.pdf,https://www.city.koto.lg.jp/101010/kurashi/komyunitei/chokai/jichikai/bonnodorinatsumatsuri/documents/20260708073059.pdf,,掲載,2026-07-15
2026-257,内手昭和会・親子盆踊り大会,2026,07/25,18:00,,下鎌田小学校,日本,関東,東京都,江戸川区,,,,TRUE,不明,,,,https://www.city.edogawa.tokyo.jp/e036/kurashi/chiikicommunity/johokyoku/tobu/event/toubutikubonnodori.html,https://www.city.edogawa.tokyo.jp/e036/kurashi/chiikicommunity/johokyoku/tobu/event/toubutikubonnodori.html,,掲載,2026-07-15
2026-258,西瑞江四丁目町会 盆踊り,2026,07/25,18:30,,西瑞江四丁目第二児童遊園,日本,関東,東京都,江戸川区,,,,TRUE,不明,,,,https://www.city.edogawa.tokyo.jp/e031/kurashi/chiikicommunity/johokyoku/chuo/event/tyuoutikukakigyoji.html,https://www.city.edogawa.tokyo.jp/e031/kurashi/chiikicommunity/johokyoku/chuo/event/tyuoutikukakigyoji.html,,掲載,2026-07-15
2026-259,一之江町会 盆踊り・夏まつり,2026,07/25,18:00,,一之江六丁目児童遊園,日本,関東,東京都,江戸川区,,,,TRUE,不明,,,,https://www.city.edogawa.tokyo.jp/e031/kurashi/chiikicommunity/johokyoku/chuo/event/tyuoutikukakigyoji.html,https://www.city.edogawa.tokyo.jp/e031/kurashi/chiikicommunity/johokyoku/chuo/event/tyuoutikukakigyoji.html,,掲載,2026-07-15
2026-260,五北町会 盆踊り,2026,07/25,18:30,,大杉第二小学校校庭,日本,関東,東京都,江戸川区,,,,TRUE,不明,,,,https://www.city.edogawa.tokyo.jp/e031/kurashi/chiikicommunity/johokyoku/chuo/event/tyuoutikukakigyoji.html,https://www.city.edogawa.tokyo.jp/e031/kurashi/chiikicommunity/johokyoku/chuo/event/tyuoutikukakigyoji.html,,掲載,2026-07-15
2026-261,盆踊り大会（宇喜田十四軒自治会）,2026,07/25,17:30,,さくら公園,日本,関東,東京都,江戸川区,,,,TRUE,不明,,,,https://www.city.edogawa.tokyo.jp/e034/kurashi/chiikicommunity/johokyoku/kasai/event/index.html,https://www.city.edogawa.tokyo.jp/e034/kurashi/chiikicommunity/johokyoku/kasai/event/index.html,,掲載,2026-07-15
2026-262,納涼盆踊り大会（宇喜田十八軒自治会）,2026,07/25,18:30,,行船公園噴水広場,日本,関東,東京都,江戸川区,,,,TRUE,不明,,,,https://www.city.edogawa.tokyo.jp/e034/kurashi/chiikicommunity/johokyoku/kasai/event/index.html,https://www.city.edogawa.tokyo.jp/e034/kurashi/chiikicommunity/johokyoku/kasai/event/index.html,,掲載,2026-07-15
2026-263,夏休み盆踊り大会（清新北ハイツ自治会）,2026,07/25,17:00,,清新北ハイツ管理事務所付近,日本,関東,東京都,江戸川区,,,,TRUE,不明,,,,https://www.city.edogawa.tokyo.jp/e034/kurashi/chiikicommunity/johokyoku/kasai/event/index.html,https://www.city.edogawa.tokyo.jp/e034/kurashi/chiikicommunity/johokyoku/kasai/event/index.html,,掲載,2026-07-15
2026-264,納涼盆踊り大会（伊興北町会）,2026,07/25,18:00,,東伊興小学校校庭,日本,関東,東京都,足立区,,,,TRUE,不明,,,,https://www.city.adachi.tokyo.jp/chiiki/bonfes2026.html,https://www.city.adachi.tokyo.jp/chiiki/bonfes2026.html,,掲載,2026-07-15
2026-265,納涼盆踊り大会（東和二丁目自治会・東和二丁目西自治会）,2026,07/25,18:00,,区立第六天公園,日本,関東,東京都,足立区,,,,TRUE,不明,,,,https://www.city.adachi.tokyo.jp/chiiki/bonfes2026.html,https://www.city.adachi.tokyo.jp/chiiki/bonfes2026.html,,掲載,2026-07-15
2026-266,盆踊り大会（竹の塚上町会）,2026,07/25,18:30,,竹塚神社境内,日本,関東,東京都,足立区,,,,TRUE,不明,,,,https://www.city.adachi.tokyo.jp/chiiki/bonfes2026.html,https://www.city.adachi.tokyo.jp/chiiki/bonfes2026.html,,掲載,2026-07-15
2026-267,盆踊り（鹿骨三丁目町会）,2026,07/25,,,鹿骨東小学校,日本,関東,東京都,江戸川区,,,,TRUE,不明,,,,https://www.city.edogawa.tokyo.jp/e037/kurashi/chiikicommunity/johokyoku/shishibone/event/bonodori.html,https://www.city.edogawa.tokyo.jp/e037/kurashi/chiikicommunity/johokyoku/shishibone/event/bonodori.html,,掲載,2026-07-15
2026-268,雪谷商店街 雪谷盆踊り,2026,07/25,19:00,,雪谷商店街（雪が谷大塚駅南改札すぐ）,日本,関東,東京都,大田区,東急池上線｢雪が谷大塚｣,,,TRUE,不明,,,,https://yukigaya-shotengai.jp/news_menu/information2026-summer/,https://yukigaya-shotengai.jp/news_menu/information2026-summer/,,掲載,2026-07-15
2026-269,あすと納涼流し踊り2026,2026,07/25,18:30,,あすと商店街アーケード内,日本,関東,東京都,大田区,京急線｢京急蒲田｣,,,TRUE,不明,,,,https://asuto.tokyo/events/view/48,https://asuto.tokyo/events/view/48,,掲載,2026-07-15
2026-270,大手町縁日 2026,2026,07/30,17:00,,大手町仲通り・大手町フィナンシャルシティ アトリウムほか,日本,関東,東京都,千代田区,大手町駅,,,TRUE,不明,,,,https://www.marunouchi.com/pickup/event/9868/,https://www.marunouchi.com/pickup/event/9868/,,掲載,2026-07-15
2026-271,第47回 サンシャインシティ納涼盆踊り大会,2026,07/30,19:00,,サンシャインシティ サンシャイン広場,日本,関東,東京都,豊島区,東池袋駅,,,TRUE,不明,,,,https://sunshinecity.jp/event/entry-37720.html,https://sunshinecity.jp/event/entry-37720.html,,掲載,2026-07-15
2026-272,八名川地区連合町会 納涼音頭大会,2026,07/30,18:30,,八名川公園（新大橋3-1-1）,日本,関東,東京都,江東区,森下駅,,,TRUE,不明,,,,https://shinohashi.amebaownd.com/posts/58980811,https://shinohashi.amebaownd.com/posts/58980811,,掲載,2026-07-15
2026-273,盆踊り（西篠崎町会）,2026,07/30,,,鹿骨第三広場,日本,関東,東京都,江戸川区,,,,TRUE,不明,,,,https://www.city.edogawa.tokyo.jp/e037/kurashi/chiikicommunity/johokyoku/shishibone/event/bonodori.html,https://www.city.edogawa.tokyo.jp/e037/kurashi/chiikicommunity/johokyoku/shishibone/event/bonodori.html,,掲載,2026-07-15
2026-274,第71回 恵比寿駅前盆踊り大会,2026,07/31,17:30,,JR恵比寿駅西口広場（アトレ前）,日本,関東,東京都,渋谷区,恵比寿駅,,,TRUE,不明,,,,https://ebisubondance.jp/,https://ebisubondance.jp/,,掲載,2026-07-15
2026-275,大島一・二丁目町会 納涼盆踊り大会,2026,07/31,18:00,,第一大島小学校（大島2-41-4）,日本,関東,東京都,江東区,,,,TRUE,不明,,,,https://www.city.koto.lg.jp/101010/kurashi/komyunitei/chokai/jichikai/bonnodorinatsumatsuri/documents/20260708073059.pdf,https://www.city.koto.lg.jp/101010/kurashi/komyunitei/chokai/jichikai/bonnodorinatsumatsuri/documents/20260708073059.pdf,,掲載,2026-07-15
2026-276,GINZA SIX 盆踊り,2026,08/1,16:00,,GINZA SIX ガーデン 屋上庭園,日本,関東,東京都,中央区,東京メトロ 銀座/JR 有楽町,,,TRUE,不明,,,,https://ginbura.ginza.jp/,https://ginbura.ginza.jp/,,掲載,2026-07-15
2026-277,東陽四丁目連合 盆踊り,2026,08/1,18:30,,文化センターコミュニティ中庭（東陽4-11-3）,日本,関東,東京都,江東区,東陽町駅,,,TRUE,不明,,,,https://www.city.koto.lg.jp/101010/kurashi/komyunitei/chokai/jichikai/bonnodorinatsumatsuri/documents/20260708073059.pdf,https://www.city.koto.lg.jp/101010/kurashi/komyunitei/chokai/jichikai/bonnodorinatsumatsuri/documents/20260708073059.pdf,,掲載,2026-07-15
2026-278,海辺町会 納涼盆踊り大会,2026,08/1,19:00,,川南海辺公園（海辺1-3）,日本,関東,東京都,江東区,,,,TRUE,不明,,,,https://www.city.koto.lg.jp/101010/kurashi/komyunitei/chokai/jichikai/bonnodorinatsumatsuri/documents/20260708073059.pdf,https://www.city.koto.lg.jp/101010/kurashi/komyunitei/chokai/jichikai/bonnodorinatsumatsuri/documents/20260708073059.pdf,,掲載,2026-07-15
2026-279,納涼盆踊り大会（シティコープ清新・清新プラザ・清新中央ハイツ自治会）,2026,08/1,18:30,,清新町緑道,日本,関東,東京都,江戸川区,,,,TRUE,不明,,,,https://www.city.edogawa.tokyo.jp/e034/kurashi/chiikicommunity/johokyoku/kasai/event/index.html,https://www.city.edogawa.tokyo.jp/e034/kurashi/chiikicommunity/johokyoku/kasai/event/index.html,,掲載,2026-07-15
2026-280,盆踊り大会（中央本町若松町会）,2026,08/1,19:00,,若松公園,日本,関東,東京都,足立区,,,,TRUE,不明,,,,https://www.city.adachi.tokyo.jp/chiiki/bonfes2026.html,https://www.city.adachi.tokyo.jp/chiiki/bonfes2026.html,,掲載,2026-07-15
2026-281,盆踊り（扇一丁目寺地明和会）,2026,08/1,18:00,,扇南公園,日本,関東,東京都,足立区,,,,TRUE,不明,,,,https://www.city.adachi.tokyo.jp/chiiki/bonfes2026.html,https://www.city.adachi.tokyo.jp/chiiki/bonfes2026.html,,掲載,2026-07-15
2026-282,盆踊り（興野町会）,2026,08/1,18:00,,興野神社境内,日本,関東,東京都,足立区,,,,TRUE,不明,,,,https://www.city.adachi.tokyo.jp/chiiki/bonfes2026.html,https://www.city.adachi.tokyo.jp/chiiki/bonfes2026.html,,掲載,2026-07-15
2026-283,盆踊り（扇南町会）,2026,08/1,18:00,,三嶋神社,日本,関東,東京都,足立区,,,,TRUE,不明,,,,https://www.city.adachi.tokyo.jp/chiiki/bonfes2026.html,https://www.city.adachi.tokyo.jp/chiiki/bonfes2026.html,,掲載,2026-07-15
2026-284,墨田区民納涼民踊大会（東京ソラマチ夏まつり）,2026,08/1,18:00,,東京スカイツリータウン1階 ソラマチひろば,日本,関東,東京都,墨田区,東武スカイツリーライン｢とうきょうスカイツリー｣,,,TRUE,不明,,,,https://www.tokyo-solamachi.jp/cms-pdf/notice/0145c71150de8e2557202f2d48f9191c55112620261406.pdf,https://www.tokyo-solamachi.jp/cms-pdf/notice/0145c71150de8e2557202f2d48f9191c55112620261406.pdf,,掲載,2026-07-15
2026-285,納涼盆踊り大会（千住緑町町会）,2026,08/2,18:00,,千住緑町会館前,日本,関東,東京都,足立区,,,,TRUE,不明,,,,https://www.city.adachi.tokyo.jp/chiiki/bonfes2026.html,https://www.city.adachi.tokyo.jp/chiiki/bonfes2026.html,,掲載,2026-07-15
2026-286,納涼盆踊り大会（東綾瀬自治会）,2026,08/6,19:00,,東綾瀬公園,日本,関東,東京都,足立区,,,,TRUE,不明,,,,https://www.city.adachi.tokyo.jp/chiiki/bonfes2026.html,https://www.city.adachi.tokyo.jp/chiiki/bonfes2026.html,,掲載,2026-07-15
2026-287,第47回納涼盆踊り大会（北大泉商栄会）,2026,08/7,18:00,,大泉第一小学校校庭,日本,関東,東京都,練馬区,大泉学園駅,,,TRUE,不明,,,,https://www.nerima-kushoren.jp/eventlist,https://www.nerima-kushoren.jp/eventlist,,掲載,2026-07-15
2026-288,千田町会 納涼盆踊り大会,2026,08/7,19:00,,江東公園（千田16-5）,日本,関東,東京都,江東区,,,,TRUE,不明,,,,https://www.city.koto.lg.jp/101010/kurashi/komyunitei/chokai/jichikai/bonnodorinatsumatsuri/documents/20260708073059.pdf,https://www.city.koto.lg.jp/101010/kurashi/komyunitei/chokai/jichikai/bonnodorinatsumatsuri/documents/20260708073059.pdf,,掲載,2026-07-15
2026-289,納涼盆おどり大会（西新井本町二丁目町会）,2026,08/7,18:30,,高野公園,日本,関東,東京都,足立区,,,,TRUE,不明,,,,https://www.city.adachi.tokyo.jp/chiiki/bonfes2026.html,https://www.city.adachi.tokyo.jp/chiiki/bonfes2026.html,,掲載,2026-07-15
2026-290,盆踊り（篠崎本郷町会）,2026,08/7,,,篠崎二丁目公園,日本,関東,東京都,江戸川区,,,,TRUE,不明,,,,https://www.city.edogawa.tokyo.jp/e037/kurashi/chiikicommunity/johokyoku/shishibone/event/bonodori.html,https://www.city.edogawa.tokyo.jp/e037/kurashi/chiikicommunity/johokyoku/shishibone/event/bonodori.html,,掲載,2026-07-15
2026-291,とよす夏祭り in ららぽーと豊洲,2026,08/8,16:00,,アーバンドック ららぽーと豊洲1 シーサイドデッキ,日本,関東,東京都,江東区,有楽町線・ゆりかもめ 豊洲,,,TRUE,不明,,,,https://mitsui-shopping-park.com/lalaport/toyosu/,https://mitsui-shopping-park.com/lalaport/toyosu/,,掲載,2026-07-15
2026-292,麻布台ヒルズ 納涼祭り 2026,2026,08/8,17:00,,麻布台ヒルズ 中央広場ほか,日本,関東,東京都,港区,神谷町駅,,,TRUE,不明,,,,https://www.azabudai-hills.com/whats_on/2026/08/0382.html,https://www.azabudai-hills.com/whats_on/2026/08/0382.html,,掲載,2026-07-15
2026-293,亀戸四丁目 納涼盆踊り大会,2026,08/8,19:00,,ふれあい公園（亀戸4-21-19）,日本,関東,東京都,江東区,亀戸駅,,,TRUE,不明,,,,https://www.city.koto.lg.jp/101010/kurashi/komyunitei/chokai/jichikai/bonnodorinatsumatsuri/documents/20260708073059.pdf,https://www.city.koto.lg.jp/101010/kurashi/komyunitei/chokai/jichikai/bonnodorinatsumatsuri/documents/20260708073059.pdf,,掲載,2026-07-15
2026-294,豊田神社奉納盆踊り大会,2026,08/8,18:00,,豊田神社・東部公園,日本,関東,東京都,江戸川区,,,,TRUE,不明,,,,https://www.city.edogawa.tokyo.jp/e036/kurashi/chiikicommunity/johokyoku/tobu/event/toubutikubonnodori.html,https://www.city.edogawa.tokyo.jp/e036/kurashi/chiikicommunity/johokyoku/tobu/event/toubutikubonnodori.html,,掲載,2026-07-15
2026-295,盆踊り大会（新田町会）,2026,08/8,18:00,,新田公園,日本,関東,東京都,江戸川区,,,,TRUE,不明,,,,https://www.city.edogawa.tokyo.jp/e034/kurashi/chiikicommunity/johokyoku/kasai/event/index.html,https://www.city.edogawa.tokyo.jp/e034/kurashi/chiikicommunity/johokyoku/kasai/event/index.html,,掲載,2026-07-15
2026-296,納涼盆踊り大会（長島町会）,2026,08/8,18:00,,長島香取神宮境内,日本,関東,東京都,江戸川区,,,,TRUE,不明,,,,https://www.city.edogawa.tokyo.jp/e034/kurashi/chiikicommunity/johokyoku/kasai/event/index.html,https://www.city.edogawa.tokyo.jp/e034/kurashi/chiikicommunity/johokyoku/kasai/event/index.html,,掲載,2026-07-15
2026-297,千住本町五町会盆踊り大会,2026,08/8,18:30,,千住本町住区センター前（板垣通り）,日本,関東,東京都,足立区,,,,TRUE,不明,,,,https://www.city.adachi.tokyo.jp/chiiki/bonfes2026.html,https://www.city.adachi.tokyo.jp/chiiki/bonfes2026.html,,掲載,2026-07-15
2026-298,納涼盆踊り大会（蒲谷自治会）,2026,08/8,18:30,,東綾瀬公園,日本,関東,東京都,足立区,,,,TRUE,不明,,,,https://www.city.adachi.tokyo.jp/chiiki/bonfes2026.html,https://www.city.adachi.tokyo.jp/chiiki/bonfes2026.html,,掲載,2026-07-15
2026-299,高野町会盆踊り大会,2026,08/8,18:00,,高野胡録神社,日本,関東,東京都,足立区,,,,TRUE,不明,,,,https://www.city.adachi.tokyo.jp/chiiki/bonfes2026.html,https://www.city.adachi.tokyo.jp/chiiki/bonfes2026.html,,掲載,2026-07-15
2026-300,盆踊り（本木東町会）,2026,08/8,19:00,,御嶽神社,日本,関東,東京都,足立区,,,,TRUE,不明,,,,https://www.city.adachi.tokyo.jp/chiiki/bonfes2026.html,https://www.city.adachi.tokyo.jp/chiiki/bonfes2026.html,,掲載,2026-07-15
2026-301,扇橋三丁目町会 納涼盆踊り大会,2026,08/9,18:00,,つばめ幼稚園（扇橋3-20-13）,日本,関東,東京都,江東区,,,,TRUE,不明,,,,https://www.city.koto.lg.jp/101010/kurashi/komyunitei/chokai/jichikai/bonnodorinatsumatsuri/documents/20260708073059.pdf,https://www.city.koto.lg.jp/101010/kurashi/komyunitei/chokai/jichikai/bonnodorinatsumatsuri/documents/20260708073059.pdf,,掲載,2026-07-15
2026-302,下篠崎町会盆踊り大会,2026,08/9,18:30,,篠崎六丁目第二広場,日本,関東,東京都,江戸川区,,,,TRUE,不明,,,,https://www.city.edogawa.tokyo.jp/e036/kurashi/chiikicommunity/johokyoku/tobu/event/toubutikubonnodori.html,https://www.city.edogawa.tokyo.jp/e036/kurashi/chiikicommunity/johokyoku/tobu/event/toubutikubonnodori.html,,掲載,2026-07-15
2026-303,盆踊り（鹿骨二丁目町会）,2026,08/9,,,鹿骨中学校,日本,関東,東京都,江戸川区,,,,TRUE,不明,,,,https://www.city.edogawa.tokyo.jp/e037/kurashi/chiikicommunity/johokyoku/shishibone/event/bonodori.html,https://www.city.edogawa.tokyo.jp/e037/kurashi/chiikicommunity/johokyoku/shishibone/event/bonodori.html,,掲載,2026-07-15
2026-304,とよす夏祭り in ららぽーと豊洲(2),2026,08/11,16:00,,アーバンドック ららぽーと豊洲1 シーサイドデッキ,日本,関東,東京都,江東区,有楽町線・ゆりかもめ 豊洲,,,TRUE,不明,,,,https://mitsui-shopping-park.com/lalaport/toyosu/,https://mitsui-shopping-park.com/lalaport/toyosu/,,掲載,2026-07-15
2026-305,松島西町会 納涼踊り,2026,08/14,18:00,,松島四丁目公園,日本,関東,東京都,江戸川区,,,,TRUE,不明,,,,https://www.city.edogawa.tokyo.jp/e031/kurashi/chiikicommunity/johokyoku/chuo/event/tyuoutikukakigyoji.html,https://www.city.edogawa.tokyo.jp/e031/kurashi/chiikicommunity/johokyoku/chuo/event/tyuoutikukakigyoji.html,,掲載,2026-07-15
2026-306,納涼盆踊り（仲町町会）,2026,08/14,18:30,,中割天祖神社,日本,関東,東京都,江戸川区,,,,TRUE,不明,,,,https://www.city.edogawa.tokyo.jp/e034/kurashi/chiikicommunity/johokyoku/kasai/event/index.html,https://www.city.edogawa.tokyo.jp/e034/kurashi/chiikicommunity/johokyoku/kasai/event/index.html,,掲載,2026-07-15
2026-307,とよす夏祭り in ららぽーと豊洲(3),2026,08/15,16:00,,アーバンドック ららぽーと豊洲1 シーサイドデッキ,日本,関東,東京都,江東区,有楽町線・ゆりかもめ 豊洲,,,TRUE,不明,,,,https://mitsui-shopping-park.com/lalaport/toyosu/,https://mitsui-shopping-park.com/lalaport/toyosu/,,掲載,2026-07-15
2026-308,なぎさ納涼祭（なぎさニュータウン自治会）,2026,08/15,18:00,,なぎさニュータウン内中央広場,日本,関東,東京都,江戸川区,,,,TRUE,不明,,,,https://www.city.edogawa.tokyo.jp/e034/kurashi/chiikicommunity/johokyoku/kasai/event/index.html,https://www.city.edogawa.tokyo.jp/e034/kurashi/chiikicommunity/johokyoku/kasai/event/index.html,,掲載,2026-07-15
2026-309,東砂三丁目町会 盆踊大会,2026,08/21,18:30,,東砂第二公園（東砂3-17-17）,日本,関東,東京都,江東区,,,,TRUE,不明,,,,https://www.city.koto.lg.jp/101010/kurashi/komyunitei/chokai/jichikai/bonnodorinatsumatsuri/documents/20260708073059.pdf,https://www.city.koto.lg.jp/101010/kurashi/komyunitei/chokai/jichikai/bonnodorinatsumatsuri/documents/20260708073059.pdf,,掲載,2026-07-15
2026-310,松島東町会 盆踊り,2026,08/21,18:30,,ひかり児童遊園,日本,関東,東京都,江戸川区,,,,TRUE,不明,,,,https://www.city.edogawa.tokyo.jp/e031/kurashi/chiikicommunity/johokyoku/chuo/event/tyuoutikukakigyoji.html,https://www.city.edogawa.tokyo.jp/e031/kurashi/chiikicommunity/johokyoku/chuo/event/tyuoutikukakigyoji.html,,掲載,2026-07-15
2026-311,松島南町会 盆踊り,2026,08/21,18:30,,松島三丁目公園,日本,関東,東京都,江戸川区,,,,TRUE,不明,,,,https://www.city.edogawa.tokyo.jp/e031/kurashi/chiikicommunity/johokyoku/chuo/event/tyuoutikukakigyoji.html,https://www.city.edogawa.tokyo.jp/e031/kurashi/chiikicommunity/johokyoku/chuo/event/tyuoutikukakigyoji.html,,掲載,2026-07-15
2026-312,五南町会 盆踊り,2026,08/21,19:00,,大杉小学校校庭,日本,関東,東京都,江戸川区,,,,TRUE,不明,,,,https://www.city.edogawa.tokyo.jp/e031/kurashi/chiikicommunity/johokyoku/chuo/event/tyuoutikukakigyoji.html,https://www.city.edogawa.tokyo.jp/e031/kurashi/chiikicommunity/johokyoku/chuo/event/tyuoutikukakigyoji.html,,掲載,2026-07-15
2026-313,納涼踊り大会（伊興南町会）,2026,08/21,18:00,,第14リーグ少年野球場,日本,関東,東京都,足立区,,,,TRUE,不明,,,,https://www.city.adachi.tokyo.jp/chiiki/bonfes2026.html,https://www.city.adachi.tokyo.jp/chiiki/bonfes2026.html,,掲載,2026-07-15
2026-314,仲町盆踊り大会（千住仲町会）,2026,08/21,18:30,,千住仲町公園,日本,関東,東京都,足立区,,,,TRUE,不明,,,,https://www.city.adachi.tokyo.jp/chiiki/bonfes2026.html,https://www.city.adachi.tokyo.jp/chiiki/bonfes2026.html,,掲載,2026-07-15
2026-315,盆踊り（北篠崎二丁目自治会）,2026,08/21,,,北篠崎二丁目公園,日本,関東,東京都,江戸川区,,,,TRUE,不明,,,,https://www.city.edogawa.tokyo.jp/e037/kurashi/chiikicommunity/johokyoku/shishibone/event/bonodori.html,https://www.city.edogawa.tokyo.jp/e037/kurashi/chiikicommunity/johokyoku/shishibone/event/bonodori.html,,掲載,2026-07-15
2026-316,宿和会納涼盆踊り大会,2026,08/22,17:00,,下鎌田東小学校,日本,関東,東京都,江戸川区,,,,TRUE,不明,,,,https://www.city.edogawa.tokyo.jp/e036/kurashi/chiikicommunity/johokyoku/tobu/event/toubutikubonnodori.html,https://www.city.edogawa.tokyo.jp/e036/kurashi/chiikicommunity/johokyoku/tobu/event/toubutikubonnodori.html,,掲載,2026-07-15
2026-317,西一之江中辻町会 盆踊り,2026,08/22,18:00,,松江ひかり幼稚園 園庭,日本,関東,東京都,江戸川区,,,,TRUE,不明,,,,https://www.city.edogawa.tokyo.jp/e031/kurashi/chiikicommunity/johokyoku/chuo/event/tyuoutikukakigyoji.html,https://www.city.edogawa.tokyo.jp/e031/kurashi/chiikicommunity/johokyoku/chuo/event/tyuoutikukakigyoji.html,,掲載,2026-07-15
2026-318,西一之江江上町会 盆踊り,2026,08/22,18:00,,江上しらさぎ公園,日本,関東,東京都,江戸川区,,,,TRUE,不明,,,,https://www.city.edogawa.tokyo.jp/e031/kurashi/chiikicommunity/johokyoku/chuo/event/tyuoutikukakigyoji.html,https://www.city.edogawa.tokyo.jp/e031/kurashi/chiikicommunity/johokyoku/chuo/event/tyuoutikukakigyoji.html,,掲載,2026-07-15
2026-319,東四町会 盆踊り,2026,08/22,17:00,,香取神社,日本,関東,東京都,江戸川区,,,,TRUE,不明,,,,https://www.city.edogawa.tokyo.jp/e031/kurashi/chiikicommunity/johokyoku/chuo/event/tyuoutikukakigyoji.html,https://www.city.edogawa.tokyo.jp/e031/kurashi/chiikicommunity/johokyoku/chuo/event/tyuoutikukakigyoji.html,,掲載,2026-07-15
2026-320,東松一丁目町会 盆踊り,2026,08/22,18:00,,松江一丁目公園,日本,関東,東京都,江戸川区,,,,TRUE,不明,,,,https://www.city.edogawa.tokyo.jp/e031/kurashi/chiikicommunity/johokyoku/chuo/event/tyuoutikukakigyoji.html,https://www.city.edogawa.tokyo.jp/e031/kurashi/chiikicommunity/johokyoku/chuo/event/tyuoutikukakigyoji.html,,掲載,2026-07-15
2026-321,松江東町会 盆踊り,2026,08/22,19:00,,西一之江香取神社,日本,関東,東京都,江戸川区,,,,TRUE,不明,,,,https://www.city.edogawa.tokyo.jp/e031/kurashi/chiikicommunity/johokyoku/chuo/event/tyuoutikukakigyoji.html,https://www.city.edogawa.tokyo.jp/e031/kurashi/chiikicommunity/johokyoku/chuo/event/tyuoutikukakigyoji.html,,掲載,2026-07-15
2026-322,五分一納涼盆踊り大会,2026,08/22,18:00,,五分一にまつ公園,日本,関東,東京都,江戸川区,,,,TRUE,不明,,,,https://www.city.edogawa.tokyo.jp/e031/kurashi/chiikicommunity/johokyoku/chuo/event/tyuoutikukakigyoji.html,https://www.city.edogawa.tokyo.jp/e031/kurashi/chiikicommunity/johokyoku/chuo/event/tyuoutikukakigyoji.html,,掲載,2026-07-15
2026-323,西小松川町会 盆踊り,2026,08/22,18:30,,なでしこ児童遊園,日本,関東,東京都,江戸川区,,,,TRUE,不明,,,,https://www.city.edogawa.tokyo.jp/e031/kurashi/chiikicommunity/johokyoku/chuo/event/tyuoutikukakigyoji.html,https://www.city.edogawa.tokyo.jp/e031/kurashi/chiikicommunity/johokyoku/chuo/event/tyuoutikukakigyoji.html,,掲載,2026-07-15
2026-324,輪踊り（鹿浜島町会）,2026,08/22,18:00,,島氷川神社,日本,関東,東京都,足立区,,,,TRUE,不明,,,,https://www.city.adachi.tokyo.jp/chiiki/bonfes2026.html,https://www.city.adachi.tokyo.jp/chiiki/bonfes2026.html,,掲載,2026-07-15
2026-325,盆踊り大会（コープ野村梅島自治会）,2026,08/22,18:30,,梅田七丁目児童遊園,日本,関東,東京都,足立区,,,,TRUE,不明,,,,https://www.city.adachi.tokyo.jp/chiiki/bonfes2026.html,https://www.city.adachi.tokyo.jp/chiiki/bonfes2026.html,,掲載,2026-07-15
2026-326,盆踊り（松本町会）,2026,08/22,,,松本天祖神社,日本,関東,東京都,江戸川区,,,,TRUE,不明,,,,https://www.city.edogawa.tokyo.jp/e037/kurashi/chiikicommunity/johokyoku/shishibone/event/bonodori.html,https://www.city.edogawa.tokyo.jp/e037/kurashi/chiikicommunity/johokyoku/shishibone/event/bonodori.html,,掲載,2026-07-15
2026-327,盆踊り（興宮自治会）,2026,08/22,,,興宮神社,日本,関東,東京都,江戸川区,,,,TRUE,不明,,,,https://www.city.edogawa.tokyo.jp/e037/kurashi/chiikicommunity/johokyoku/shishibone/event/bonodori.html,https://www.city.edogawa.tokyo.jp/e037/kurashi/chiikicommunity/johokyoku/shishibone/event/bonodori.html,,掲載,2026-07-15
2026-328,盆踊り（篠崎七丁目町会）,2026,08/28,,,篠崎第四小学校,日本,関東,東京都,江戸川区,,,,TRUE,不明,,,,https://www.city.edogawa.tokyo.jp/e037/kurashi/chiikicommunity/johokyoku/shishibone/event/bonodori.html,https://www.city.edogawa.tokyo.jp/e037/kurashi/chiikicommunity/johokyoku/shishibone/event/bonodori.html,,掲載,2026-07-15
2026-329,大島五丁目町会 ぼんおどり,2026,08/29,17:00,,大島五丁目公園（大島5-27-16）,日本,関東,東京都,江東区,,,,TRUE,不明,,,,https://www.city.koto.lg.jp/101010/kurashi/komyunitei/chokai/jichikai/bonnodorinatsumatsuri/documents/20260708073059.pdf,https://www.city.koto.lg.jp/101010/kurashi/komyunitei/chokai/jichikai/bonnodorinatsumatsuri/documents/20260708073059.pdf,,掲載,2026-07-15
2026-330,今井町会納涼盆踊り大会,2026,08/29,18:00,,八雲神社前広場,日本,関東,東京都,江戸川区,,,,TRUE,不明,,,,https://www.city.edogawa.tokyo.jp/e036/kurashi/chiikicommunity/johokyoku/tobu/event/toubutikubonnodori.html,https://www.city.edogawa.tokyo.jp/e036/kurashi/chiikicommunity/johokyoku/tobu/event/toubutikubonnodori.html,,掲載,2026-07-15
2026-331,奉納踊り大会（伊興中央町会）,2026,08/29,18:00,,伊興若宮八幡宮,日本,関東,東京都,足立区,,,,TRUE,不明,,,,https://www.city.adachi.tokyo.jp/chiiki/bonfes2026.html,https://www.city.adachi.tokyo.jp/chiiki/bonfes2026.html,,掲載,2026-07-15
2026-332,盆踊り大会（保塚町町会・一ツ家二丁目町会）,2026,08/29,18:00,,一ツ家二丁目子供の広場,日本,関東,東京都,足立区,,,,TRUE,不明,,,,https://www.city.adachi.tokyo.jp/chiiki/bonfes2026.html,https://www.city.adachi.tokyo.jp/chiiki/bonfes2026.html,,掲載,2026-07-15
2026-333,SHIBUYA MIYASHITA PARK BON DANCE,2026,09/26,13:00,,ミヤシタパーク 4階 渋谷区立宮下公園 芝生ひろば,日本,関東,東京都,渋谷区,JR・各線｢渋谷｣/千代田線・副都心線｢明治神宮前｣,,,TRUE,不明,,,,https://miyashita-bondance.jp/,https://miyashita-bondance.jp/,,掲載,2026-07-15
2026-334,谷河内南町会 盆踊り,2026,10/3,18:00,,谷河内みなみ公園,日本,関東,東京都,江戸川区,都営新宿線 瑞江,,,TRUE,不明,,,,https://www.yagouchiminami.jp/,https://www.yagouchiminami.jp/,,掲載,2026-07-15
2026-335,秋まつり・盆踊り大会（西新井東町会）,2026,10/10,18:00,,いかづち公園,日本,関東,東京都,足立区,,,,TRUE,不明,,,,https://www.city.adachi.tokyo.jp/chiiki/bonfes2026.html,https://www.city.adachi.tokyo.jp/chiiki/bonfes2026.html,,掲載,2026-07-15
2026-336,荏原第四地区 盆踊り,2026,10/11,,,品川区立上神明小学校,日本,関東,東京都,品川区,都営浅草線｢中延｣／東急大井町線｢荏原町｣,,,TRUE,不明,,,,https://www.city.shinagawa.tokyo.jp/PC/shisetsu/shisetsu-kuyakusyo/shisetsu-kuyakusyo-chiiki/hpg000017088.html,https://www.city.shinagawa.tokyo.jp/PC/shisetsu/shisetsu-kuyakusyo/shisetsu-kuyakusyo-chiiki/hpg000017088.html,,掲載,2026-07-15
2026-337,花園神社盆踊り,2026,08/1,19:00,,花園神社 境内,日本,関東,東京都,新宿区,新宿三丁目駅E2出口すぐ・新宿駅東口徒歩7分,,,TRUE,不明,,,,,https://www.traveltowns.jp/matsuri/hanazono-jinja-bonodori/,,掲載,2026-08-02
2026-338,駒沢緑泉公園 納涼盆踊り大会,2026,08/3,19:00,,駒沢緑泉公園,日本,関東,東京都,世田谷区,駒沢大学,,,TRUE,不明,,,,https://www.city.setagaya.lg.jp/documents/2043/wakuwakusama-purann.pdf,https://www.city.setagaya.lg.jp/documents/2043/wakuwakusama-purann.pdf,,掲載,2026-08-03
2026-339,東綾瀬自治会 納涼盆踊り大会,2026,08/6,19:00,,都立東綾瀬公園（東綾瀬2-10）,日本,関東,東京都,足立区,北綾瀬,,,TRUE,不明,,,,https://www.city.adachi.tokyo.jp/chiiki/bonfes2026.html,https://www.city.adachi.tokyo.jp/chiiki/bonfes2026.html,,掲載,2026-08-03
2026-340,王子本町二丁目町会 本二の祭り,2026,08/7,,,王子本町公園,日本,関東,東京都,北区,王子,,,TRUE,不明,,,,https://www.chokai.info/ojihoncho2/038034.php,https://www.chokai.info/ojihoncho2/038034.php,,掲載,2026-08-03
2026-341,柴又北野町会 納涼盆踊り大会,2026,08/7,19:00,,北野小学校校庭（柴又3-10-1）,日本,関東,東京都,葛飾区,柴又,,,TRUE,不明,,,,https://www.city.katsushika.lg.jp/_res/projects/default_project/_page_/001/028/707/080731.pdf,https://www.city.katsushika.lg.jp/_res/projects/default_project/_page_/001/028/707/080731.pdf,,掲載,2026-08-03
2026-342,つばさ祭り（水元つばさ子ども会）,2026,08/7,19:00,,西水元つばさ公園（西水元4-10）,日本,関東,東京都,葛飾区,亀有,,,TRUE,不明,,,,https://www.city.katsushika.lg.jp/_res/projects/default_project/_page_/001/028/707/080731.pdf,https://www.city.katsushika.lg.jp/_res/projects/default_project/_page_/001/028/707/080731.pdf,,掲載,2026-08-03
2026-343,さつき自治会 ふれあい夏祭り盆踊り大会,2026,08/8,18:00,,新宿6丁目アパート団地広場（新宿6-5）,日本,関東,東京都,葛飾区,金町,,,TRUE,不明,,,,https://www.city.katsushika.lg.jp/_res/projects/default_project/_page_/001/028/707/080731.pdf,https://www.city.katsushika.lg.jp/_res/projects/default_project/_page_/001/028/707/080731.pdf,,掲載,2026-08-03
2026-344,いいづか夏祭り,2026,08/8,18:00,,飯塚小学校（南水元1-13-1）,日本,関東,東京都,葛飾区,金町,,,TRUE,不明,,,,https://www.city.katsushika.lg.jp/_res/projects/default_project/_page_/001/028/707/080731.pdf,https://www.city.katsushika.lg.jp/_res/projects/default_project/_page_/001/028/707/080731.pdf,,掲載,2026-08-03
2026-345,亀戸五丁目町会 夏まつり盆踊り,2026,08/8,17:00,,水神小学校校庭（亀戸5-22-22）,日本,関東,東京都,江東区,亀戸,,,TRUE,不明,,,,https://www.city.koto.lg.jp/101010/kurashi/komyunitei/chokai/jichikai/bonnodorinatsumatsuri/documents/20260708073059.pdf,https://www.city.koto.lg.jp/101010/kurashi/komyunitei/chokai/jichikai/bonnodorinatsumatsuri/documents/20260708073059.pdf,,掲載,2026-08-03
2026-346,本木東町会 盆踊り大会,2026,08/8,19:00,,本木御嶽神社（本木東町12-17）,日本,関東,東京都,足立区,扇大橋,,,TRUE,不明,,,,https://www.city.adachi.tokyo.jp/chiiki/bonfes2026.html,https://www.city.adachi.tokyo.jp/chiiki/bonfes2026.html,,掲載,2026-08-03
2026-347,蒲谷自治会 納涼盆踊り大会,2026,08/8,18:30,,都立東綾瀬公園（東綾瀬3-4）,日本,関東,東京都,足立区,北綾瀬,,,TRUE,不明,,,,https://www.city.adachi.tokyo.jp/chiiki/bonfes2026.html,https://www.city.adachi.tokyo.jp/chiiki/bonfes2026.html,,掲載,2026-08-03
2026-348,とよす夏祭り2026 盆踊り,2026,08/8,18:30,,ららぽーと豊洲1 1Fシーサイドデッキ,日本,関東,東京都,江東区,豊洲,,,TRUE,不明,,,,https://mitsui-shopping-park.com/lalaport/toyosu/event/3420509.html,https://mitsui-shopping-park.com/lalaport/toyosu/event/3420509.html,,掲載,2026-08-03
2026-349,かまたえん空祭り 盆踊り,2026,08/8,18:00,,東急プラザ蒲田 屋上かまたえん,日本,関東,東京都,大田区,蒲田,,,TRUE,不明,,,,https://www.o-2.jp/event/kamataen-soramatsuri2026/,https://www.o-2.jp/event/kamataen-soramatsuri2026/,,掲載,2026-08-03
2026-350,鹿骨二丁目町会 盆踊り,2026,08/9,,,鹿骨中学校,日本,関東,東京都,江戸川区,篠崎,,,TRUE,不明,,,,https://www.city.edogawa.tokyo.jp/e037/kurashi/chiikicommunity/johokyoku/shishibone/event/bonodori.html,https://www.city.edogawa.tokyo.jp/e037/kurashi/chiikicommunity/johokyoku/shishibone/event/bonodori.html,,掲載,2026-08-03
2026-351,給田納涼盆踊り,2026,08/9,,,給田千手観音堂,日本,関東,東京都,世田谷区,仙川,,,TRUE,不明,,,,https://www.city.setagaya.lg.jp/documents/2043/wakuwakusama-purann.pdf,https://www.city.setagaya.lg.jp/documents/2043/wakuwakusama-purann.pdf,,掲載,2026-08-03
2026-352,西久保八幡神社 例大祭盆踊り,2026,08/9,18:00,,西久保八幡神社境内（虎ノ門5-10-14）,日本,関東,東京都,港区,神谷町,,,TRUE,不明,,,,https://hachimanjinja.or.jp/main/?p=5801,https://hachimanjinja.or.jp/main/?p=5801,,掲載,2026-08-03
2026-353,豊洲千客万来 盆踊り,2026,08/14,15:00,,豊洲千客万来 2階 時の鐘広場,日本,関東,東京都,江東区,市場前,,,TRUE,不明,,,,https://www.toyosu-senkyakubanrai.jp/eventnews/0801,https://www.toyosu-senkyakubanrai.jp/eventnews/0801,,掲載,2026-08-03
2026-354,歌舞伎町BON ODORI,2026,08/14,17:00,,歌舞伎町シネシティ広場,日本,関東,東京都,新宿区,西武新宿/新宿,,,TRUE,不明,,,,https://prtimes.jp/main/html/rd/p/000000006.000147394.html,https://prtimes.jp/main/html/rd/p/000000006.000147394.html,,掲載,2026-08-03
2026-355,下落合東町会 盆踊り大会,2026,08/15,18:00,,下落合3丁目 富士薬局向かい空き地,日本,関東,東京都,新宿区,目白/椎名町,,,TRUE,不明,,,,https://www.city.shinjuku.lg.jp/kusei/kashiwagi01_000001_00039.html,https://www.city.shinjuku.lg.jp/kusei/kashiwagi01_000001_00039.html,,掲載,2026-08-03
2026-356,四町会盆踊り大会（東尾久）,2026,08/15,18:00,,荒川区立第九中学校校庭,日本,関東,東京都,荒川区,東尾久三丁目,,,TRUE,不明,,,,https://www.city.arakawa.tokyo.jp/documents/45496/20260721_00.pdf,https://www.city.arakawa.tokyo.jp/documents/45496/20260721_00.pdf,,掲載,2026-08-03
2026-357,瀬田納涼盆踊り大会,2026,08/15,,,瀬田中学校,日本,関東,東京都,世田谷区,上野毛/用賀,,,TRUE,不明,,,,https://www.city.setagaya.lg.jp/documents/2043/wakuwakusama-purann.pdf,https://www.city.setagaya.lg.jp/documents/2043/wakuwakusama-purann.pdf,,掲載,2026-08-03
2026-358,ちとふな盆踊り,2026,08/16,,,千歳船橋駅前広場,日本,関東,東京都,世田谷区,千歳船橋,,,TRUE,不明,,,,https://funabashikai.org/?p=19776,https://funabashikai.org/?p=19776,,掲載,2026-08-03
2026-359,伊興南町会 納涼踊り大会,2026,08/21,18:00,,第14リーグ少年野球場（伊興2-4）,日本,関東,東京都,足立区,竹ノ塚,,,TRUE,不明,,,,https://www.city.adachi.tokyo.jp/chiiki/bonfes2026.html,https://www.city.adachi.tokyo.jp/chiiki/bonfes2026.html,,掲載,2026-08-03
2026-360,水元小合上町町会 盆踊り,2026,08/21,19:00,,日枝神社境内（東水元4-15-3）,日本,関東,東京都,葛飾区,金町,,,TRUE,不明,,,,https://www.city.katsushika.lg.jp/_res/projects/default_project/_page_/001/028/707/080731.pdf,https://www.city.katsushika.lg.jp/_res/projects/default_project/_page_/001/028/707/080731.pdf,,掲載,2026-08-03
2026-361,北篠崎二丁目自治会 盆踊り,2026,08/21,,,北篠崎二丁目公園,日本,関東,東京都,江戸川区,小岩,,,TRUE,不明,,,,https://www.city.edogawa.tokyo.jp/e037/kurashi/chiikicommunity/johokyoku/shishibone/event/bonodori.html,https://www.city.edogawa.tokyo.jp/e037/kurashi/chiikicommunity/johokyoku/shishibone/event/bonodori.html,,掲載,2026-08-03
2026-362,西尾久十町会連合 納涼盆踊り大会,2026,08/21,18:30,,あらかわ遊園運動場,日本,関東,東京都,荒川区,荒川遊園地前,,,TRUE,不明,,,,https://www.city.arakawa.tokyo.jp/documents/45496/20260721_00.pdf,https://www.city.arakawa.tokyo.jp/documents/45496/20260721_00.pdf,,掲載,2026-08-03
2026-363,六本木ヒルズ盆踊り2026,2026,08/21,17:00,,六本木ヒルズアリーナ,日本,関東,東京都,港区,六本木,,,TRUE,不明,,,,https://www.roppongihills.com/events/2026/08/0598.html,https://www.roppongihills.com/events/2026/08/0598.html,,掲載,2026-08-03
2026-364,大井どんたく夏まつり 盆おどり,2026,08/22,,,大井町駅前中央通り(どんたく通り),日本,関東,東京都,品川区,大井町,,,TRUE,不明,,,,https://ooimachi.tokyo/dontaku/,https://ooimachi.tokyo/dontaku/,,掲載,2026-08-03
2026-365,水元中央町会 盆踊り,2026,08/22,18:00,,水元総合スポーツセンター公園ふれあい広場,日本,関東,東京都,葛飾区,青砥,,,TRUE,不明,,,,https://www.city.katsushika.lg.jp/_res/projects/default_project/_page_/001/028/707/080731.pdf,https://www.city.katsushika.lg.jp/_res/projects/default_project/_page_/001/028/707/080731.pdf,,掲載,2026-08-03
2026-366,白鳥東町会 盆踊り大会,2026,08/22,16:00,,白鳥小学校（白鳥3-4-1）,日本,関東,東京都,葛飾区,お花茶屋,,,TRUE,不明,,,,https://www.city.katsushika.lg.jp/_res/projects/default_project/_page_/001/028/707/080731.pdf,https://www.city.katsushika.lg.jp/_res/projects/default_project/_page_/001/028/707/080731.pdf,,掲載,2026-08-03
2026-367,南千住中央町会 盆踊り大会,2026,08/22,18:00,,第三瑞光小学校校庭,日本,関東,東京都,荒川区,南千住,,,TRUE,不明,,,,https://www.city.arakawa.tokyo.jp/documents/45496/20260721_00.pdf,https://www.city.arakawa.tokyo.jp/documents/45496/20260721_00.pdf,,掲載,2026-08-03
2026-368,上北沢納涼盆踊り,2026,08/22,16:00,,上北沢小学校校庭,日本,関東,東京都,世田谷区,八幡山/上北沢,,,TRUE,不明,,,,https://www.city.setagaya.lg.jp/documents/2043/wakuwakusama-purann.pdf,https://www.city.setagaya.lg.jp/documents/2043/wakuwakusama-purann.pdf,,掲載,2026-08-03
2026-369,おしゃれ盆踊りvol.9,2026,08/22,18:00,,TOKYO NODE SKY GARDEN & POOL（虎ノ門ヒルズ49F）,日本,関東,東京都,港区,虎ノ門ヒルズ,,,TRUE,不明,,,,https://www.tokyonode.jp/events/oshabon_vol9/index.html,https://www.tokyonode.jp/events/oshabon_vol9/index.html,,掲載,2026-08-03
2026-370,五町会連合盆踊り大会（尾久宮前小）,2026,08/22,19:00,,尾久宮前小学校校庭,日本,関東,東京都,荒川区,熊野前,,,TRUE,不明,,,,https://www.city.arakawa.tokyo.jp/documents/45496/20260721_00.pdf,https://www.city.arakawa.tokyo.jp/documents/45496/20260721_00.pdf,,掲載,2026-08-03
2026-371,尾久小学校盆踊り大会,2026,08/22,18:00,,尾久小学校校庭,日本,関東,東京都,荒川区,尾久/田端,,,TRUE,不明,,,,https://www.city.arakawa.tokyo.jp/documents/45496/20260721_00.pdf,https://www.city.arakawa.tokyo.jp/documents/45496/20260721_00.pdf,,掲載,2026-08-03
2026-372,三団体合同盆踊り大会（大門小）,2026,08/22,18:30,,大門小学校校庭,日本,関東,東京都,荒川区,東尾久三丁目,,,TRUE,不明,,,,https://www.city.arakawa.tokyo.jp/documents/45496/20260721_00.pdf,https://www.city.arakawa.tokyo.jp/documents/45496/20260721_00.pdf,,掲載,2026-08-03
2026-373,東日暮里五丁目町会 盆踊り大会,2026,08/22,19:00,,日暮里南公園,日本,関東,東京都,荒川区,日暮里,,,TRUE,不明,,,,https://www.city.arakawa.tokyo.jp/documents/45496/20260721_00.pdf,https://www.city.arakawa.tokyo.jp/documents/45496/20260721_00.pdf,,掲載,2026-08-03
2026-374,東陽6・7丁目町会夏まつり 盆踊り,2026,08/22,17:00,,東京イースト21プラザ広場,日本,関東,東京都,江東区,東陽町,,,TRUE,不明,,,,https://tokyo-east21.co.jp/event/%e7%ac%ac15%e5%9b%9e-%e6%9d%b1%e9%99%bd6%e3%83%bb7%e4%b8%81%e7%9b%ae%e7%94%ba%e4%bc%9a%e5%a4%8f%e3%81%be%e3%81%a4%e3%82%8a/,https://tokyo-east21.co.jp/event/%e7%ac%ac15%e5%9b%9e-%e6%9d%b1%e9%99%bd6%e3%83%bb7%e4%b8%81%e7%9b%ae%e7%94%ba%e4%bc%9a%e5%a4%8f%e3%81%be%e3%81%a4%e3%82%8a/,,掲載,2026-08-03
2026-375,大師夏まつり 盆踊り,2026,08/22,,,西新井大師 總持寺境内,日本,関東,東京都,足立区,大師前,,,TRUE,不明,,,,https://daishi-natsumatsuri.jimdofree.com/,https://daishi-natsumatsuri.jimdofree.com/,,掲載,2026-08-03
2026-376,新宿中央公園 納涼盆踊り大会,2026,08/22,17:30,,新宿中央公園ファンモアタイム広場,日本,関東,東京都,新宿区,都庁前,,,TRUE,不明,,,,https://www.city.shinjuku.lg.jp/kusei/kashiwagi01_000001_00039.html,https://www.city.shinjuku.lg.jp/kusei/kashiwagi01_000001_00039.html,,掲載,2026-08-03
2026-377,ガーデンプラザ柴又自治会 夏まつり盆踊り,2026,08/28,15:30,,ガーデンプラザ柴又弐番館駐車場,日本,関東,東京都,葛飾区,柴又,,,TRUE,不明,,,,https://www.city.katsushika.lg.jp/_res/projects/default_project/_page_/001/028/707/080731.pdf,https://www.city.katsushika.lg.jp/_res/projects/default_project/_page_/001/028/707/080731.pdf,,掲載,2026-08-03
2026-378,扇橋二丁目町会 納涼大会,2026,08/28,18:00,,江東公園（北側）（扇橋2-22-2）,日本,関東,東京都,江東区,住吉,,,TRUE,不明,,,,https://www.city.koto.lg.jp/101010/kurashi/komyunitei/chokai/jichikai/bonnodorinatsumatsuri/documents/20260708073059.pdf,https://www.city.koto.lg.jp/101010/kurashi/komyunitei/chokai/jichikai/bonnodorinatsumatsuri/documents/20260708073059.pdf,,掲載,2026-08-03
2026-379,篠崎七丁目町会 盆踊り,2026,08/28,,,篠崎第四小学校,日本,関東,東京都,江戸川区,篠崎,,,TRUE,不明,,,,https://www.city.edogawa.tokyo.jp/e037/kurashi/chiikicommunity/johokyoku/shishibone/event/bonodori.html,https://www.city.edogawa.tokyo.jp/e037/kurashi/chiikicommunity/johokyoku/shishibone/event/bonodori.html,,掲載,2026-08-03
2026-380,日暮里中央町会 納涼踊り,2026,08/28,18:30,,日暮里駅前イベント広場,日本,関東,東京都,荒川区,日暮里,,,TRUE,不明,,,,https://www.city.arakawa.tokyo.jp/documents/45496/20260721_00.pdf,https://www.city.arakawa.tokyo.jp/documents/45496/20260721_00.pdf,,掲載,2026-08-03
2026-381,中目黒盆踊り大会,2026,08/29,17:30,,フナイリバ（中目黒1-11-18）,日本,関東,東京都,目黒区,中目黒,,,TRUE,不明,,,,https://nakamebonodori.jp/,https://nakamebonodori.jp/,,掲載,2026-08-03
2026-382,新小岩北口盆踊りフェスタ,2026,09/12,,,JR新小岩駅北口駅前広場・新小岩北口商店街,日本,関東,東京都,葛飾区,新小岩,,,TRUE,不明,,,,https://shinkoiwa06.1web.jp/schedule/,https://shinkoiwa06.1web.jp/schedule/,,掲載,2026-08-03
2026-383,SHIBUYA MIYASHITA PARK BON DANCE 2026,2026,09/26,,,ミヤシタパーク4階 宮下公園芝生ひろば,日本,関東,東京都,渋谷区,渋谷,,,TRUE,不明,,,,https://miyashita-bondance.jp/,https://miyashita-bondance.jp/,,掲載,2026-08-03
2026-384,北小岩五丁目自治会 五北納涼盆踊り,2026,08/22,18:00,,五北天祖神社境内,日本,関東,東京都,江戸川区,京成小岩,,,TRUE,不明,,,,https://www.chokai.info/kitakoiwa5/038093.php,https://www.chokai.info/kitakoiwa5/038093.php,,掲載,2026-08-04
2026-385,荏原第一地区 盆踊り,2026,10/10,13:00,,品川区立小山台小学校,日本,関東,東京都,品川区,戸越銀座,,,TRUE,不明,,,,https://www.city.shinagawa.tokyo.jp/PC/shisetsu/shisetsu-kuyakusyo/shisetsu-kuyakusyo-chiiki/hpg000017088.html,https://www.city.shinagawa.tokyo.jp/PC/shisetsu/shisetsu-kuyakusyo/shisetsu-kuyakusyo-chiiki/hpg000017088.html,,掲載,2026-08-04
2026-386,荏原第三地区 盆踊り,2026,10/18,11:00,,品川区立京陽小学校・ひらさん広場,日本,関東,東京都,品川区,戸越銀座,,,TRUE,不明,,,,https://www.city.shinagawa.tokyo.jp/PC/shisetsu/shisetsu-kuyakusyo/shisetsu-kuyakusyo-chiiki/hpg000017088.html,https://www.city.shinagawa.tokyo.jp/PC/shisetsu/shisetsu-kuyakusyo/shisetsu-kuyakusyo-chiiki/hpg000017088.html,,掲載,2026-08-04
